draw_id,draw_date,era,weekday_name,main_n1,main_n2,main_n3,main_n4,main_n5,euro_e1,euro_e2,main_sum,main_min,main_max,main_range,main_odd_count,main_even_count,main_low_count,main_high_count,main_consecutive_pairs,main_decade_0,main_decade_1,main_decade_2,main_decade_3,main_decade_4,euro_sum,euro_odd_count
1,2012-03-23,2of8_friday,Friday,5,8,21,37,46,6,8,117,5,46,41,3,2,3,2,0,2,0,1,1,1,14,0
2,2012-03-30,2of8_friday,Friday,5,7,12,19,26,1,5,69,5,26,21,3,2,4,1,0,2,2,1,0,0,6,2
3,2012-04-06,2of8_friday,Friday,7,8,34,36,38,4,5,123,7,38,31,1,4,2,3,1,2,0,0,3,0,9,1
4,2012-04-13,2of8_friday,Friday,5,11,12,27,32,1,3,87,5,32,27,3,2,3,2,1,1,2,1,1,0,4,2
5,2012-04-20,2of8_friday,Friday,10,16,30,41,45,2,8,142,10,45,35,2,3,2,3,0,1,1,1,0,2,10,0
6,2012-04-27,2of8_friday,Friday,10,13,19,40,45,3,5,127,10,45,35,3,2,3,2,0,1,2,0,1,1,8,2
7,2012-05-04,2of8_friday,Friday,29,30,35,41,45,3,5,180,29,45,16,4,1,0,5,1,0,0,2,1,2,8,2
8,2012-05-11,2of8_friday,Friday,15,21,38,39,47,1,5,160,15,47,32,4,1,2,3,1,0,1,1,2,1,6,2
9,2012-05-18,2of8_friday,Friday,12,18,43,44,46,4,5,163,12,46,34,1,4,2,3,1,0,2,0,0,3,9,1
10,2012-05-25,2of8_friday,Friday,4,11,26,32,41,5,7,114,4,41,37,2,3,2,3,0,1,1,1,1,1,12,2
11,2012-06-01,2of8_friday,Friday,11,28,34,37,38,3,7,148,11,38,27,2,3,1,4,1,0,1,1,3,0,10,2
12,2012-06-08,2of8_friday,Friday,10,15,16,36,44,7,8,121,10,44,34,1,4,3,2,1,1,2,0,1,1,15,1
13,2012-06-15,2of8_friday,Friday,6,10,17,18,42,1,3,93,6,42,36,1,4,4,1,1,2,2,0,0,1,4,2
14,2012-06-22,2of8_friday,Friday,13,14,16,47,49,1,7,139,13,49,36,3,2,3,2,1,0,3,0,0,2,8,2
15,2012-06-29,2of8_friday,Friday,5,8,19,33,36,2,3,101,5,36,31,3,2,3,2,0,2,1,0,2,0,5,1
16,2012-07-06,2of8_friday,Friday,10,22,24,33,38,2,6,127,10,38,28,1,4,3,2,0,1,0,2,2,0,8,0
17,2012-07-13,2of8_friday,Friday,8,12,27,31,37,3,6,115,8,37,29,3,2,2,3,0,1,1,1,2,0,9,1
18,2012-07-20,2of8_friday,Friday,6,9,13,14,25,1,8,67,6,25,19,3,2,5,0,1,2,2,1,0,0,9,1
19,2012-07-27,2of8_friday,Friday,9,22,23,34,35,1,3,123,9,35,26,3,2,3,2,2,1,0,2,2,0,4,2
20,2012-08-03,2of8_friday,Friday,12,15,18,24,25,4,5,94,12,25,13,2,3,5,0,1,0,3,2,0,0,9,1
21,2012-08-10,2of8_friday,Friday,6,11,40,46,48,3,6,151,6,48,42,1,4,2,3,0,1,1,0,1,2,9,1
22,2012-08-17,2of8_friday,Friday,3,16,30,34,35,2,5,118,3,35,32,2,3,2,3,1,1,1,1,2,0,7,1
23,2012-08-24,2of8_friday,Friday,9,20,21,33,49,5,7,132,9,49,40,4,1,3,2,1,1,1,1,1,1,12,2
24,2012-08-31,2of8_friday,Friday,8,22,28,40,42,4,8,140,8,42,34,0,5,2,3,0,1,0,2,1,1,12,0
25,2012-09-07,2of8_friday,Friday,15,23,25,46,49,2,4,158,15,49,34,4,1,3,2,0,0,1,2,0,2,6,0
26,2012-09-14,2of8_friday,Friday,10,14,15,24,47,4,8,110,10,47,37,2,3,4,1,1,1,2,1,0,1,12,0
27,2012-09-21,2of8_friday,Friday,18,29,41,44,49,1,5,181,18,49,31,3,2,1,4,0,0,1,1,0,3,6,2
28,2012-09-28,2of8_friday,Friday,5,14,16,34,39,1,6,108,5,39,34,2,3,3,2,0,1,2,0,2,0,7,1
29,2012-10-05,2of8_friday,Friday,26,28,40,49,50,2,7,193,26,50,24,1,4,0,5,1,0,0,2,1,2,9,1
30,2012-10-12,2of8_friday,Friday,6,11,17,43,49,4,8,126,6,49,43,4,1,3,2,0,1,2,0,0,2,12,0
31,2012-10-19,2of8_friday,Friday,6,14,18,19,48,3,8,105,6,48,42,1,4,4,1,1,1,3,0,0,1,11,1
32,2012-10-26,2of8_friday,Friday,7,17,18,19,22,4,5,83,7,22,15,3,2,5,0,2,1,3,1,0,0,9,1
33,2012-11-02,2of8_friday,Friday,3,5,7,12,31,5,7,58,3,31,28,4,1,4,1,0,3,1,0,1,0,12,2
34,2012-11-09,2of8_friday,Friday,25,29,38,41,44,3,8,177,25,44,19,3,2,1,4,0,0,0,2,1,2,11,1
35,2012-11-16,2of8_friday,Friday,1,4,7,21,26,4,7,59,1,26,25,3,2,4,1,0,3,0,2,0,0,11,1
36,2012-11-23,2of8_friday,Friday,1,21,32,36,50,2,5,140,1,50,49,2,3,2,3,0,1,0,1,2,1,7,1
37,2012-11-30,2of8_friday,Friday,2,13,21,24,37,6,7,97,2,37,35,3,2,4,1,0,1,1,2,1,0,13,1
38,2012-12-07,2of8_friday,Friday,13,20,22,27,42,3,5,124,13,42,29,2,3,3,2,0,0,2,2,0,1,8,2
39,2012-12-14,2of8_friday,Friday,17,28,31,35,39,5,8,150,17,39,22,4,1,1,4,0,0,1,1,3,0,13,1
40,2012-12-21,2of8_friday,Friday,11,20,24,25,35,4,8,115,11,35,24,3,2,4,1,1,0,2,2,1,0,12,0
41,2012-12-28,2of8_friday,Friday,5,8,22,32,39,7,8,106,5,39,34,2,3,3,2,0,2,0,1,2,0,15,1
42,2013-01-04,2of8_friday,Friday,6,20,29,40,45,5,8,140,6,45,39,2,3,2,3,0,1,1,1,1,1,13,1
43,2013-01-11,2of8_friday,Friday,6,31,37,41,49,2,3,164,6,49,43,4,1,1,4,0,1,0,0,2,2,5,1
44,2013-01-18,2of8_friday,Friday,9,13,21,28,45,6,7,116,9,45,36,4,1,3,2,0,1,1,2,0,1,13,1
45,2013-01-25,2of8_friday,Friday,4,13,28,37,38,7,8,120,4,38,34,2,3,2,3,1,1,1,1,2,0,15,1
46,2013-02-01,2of8_friday,Friday,2,4,14,26,29,6,7,75,2,29,27,1,4,3,2,0,2,1,2,0,0,13,1
47,2013-02-08,2of8_friday,Friday,12,14,17,27,43,1,7,113,12,43,31,3,2,3,2,0,0,3,1,0,1,8,2
48,2013-02-15,2of8_friday,Friday,4,9,26,32,40,3,5,111,4,40,36,1,4,2,3,0,2,0,1,2,0,8,2
49,2013-02-22,2of8_friday,Friday,3,13,41,46,49,3,8,152,3,49,46,4,1,2,3,0,1,1,0,0,3,11,1
50,2013-03-01,2of8_friday,Friday,19,28,29,34,44,1,5,154,19,44,25,2,3,1,4,1,0,1,2,1,1,6,2
51,2013-03-08,2of8_friday,Friday,10,12,14,30,43,2,5,109,10,43,33,1,4,3,2,0,1,2,1,0,1,7,1
52,2013-03-15,2of8_friday,Friday,4,30,32,41,50,5,7,157,4,50,46,1,4,1,4,0,1,0,1,1,2,12,2
53,2013-03-22,2of8_friday,Friday,5,12,21,43,48,5,6,129,5,48,43,3,2,3,2,0,1,1,1,0,2,11,1
54,2013-03-29,2of8_friday,Friday,1,22,27,37,50,5,7,137,1,50,49,3,2,2,3,0,1,0,2,1,1,12,2
55,2013-04-05,2of8_friday,Friday,22,31,37,38,41,2,6,169,22,41,19,3,2,1,4,1,0,0,1,3,1,8,0
56,2013-04-12,2of8_friday,Friday,8,19,22,32,40,1,8,121,8,40,32,1,4,3,2,0,1,1,1,2,0,9,1
57,2013-04-19,2of8_friday,Friday,17,18,22,24,25,1,6,106,17,25,8,2,3,5,0,2,0,2,3,0,0,7,1
58,2013-04-26,2of8_friday,Friday,11,14,19,23,49,4,5,116,11,49,38,4,1,4,1,0,0,3,1,0,1,9,1
59,2013-05-03,2of8_friday,Friday,14,16,28,44,48,3,7,150,14,48,34,0,5,2,3,0,0,2,1,0,2,10,2
60,2013-05-10,2of8_friday,Friday,6,9,31,33,35,1,7,114,6,35,29,4,1,2,3,0,2,0,0,3,0,8,2
61,2013-05-17,2of8_friday,Friday,4,6,10,13,32,1,8,65,4,32,28,1,4,4,1,0,3,1,0,1,0,9,1
62,2013-05-24,2of8_friday,Friday,2,4,9,20,41,3,5,76,2,41,39,2,3,4,1,0,3,1,0,0,1,8,2
63,2013-05-31,2of8_friday,Friday,5,9,12,23,40,2,7,89,5,40,35,3,2,4,1,0,2,1,1,1,0,9,1
64,2013-06-07,2of8_friday,Friday,6,9,11,29,35,2,6,90,6,35,29,4,1,3,2,0,2,1,1,1,0,8,0
65,2013-06-14,2of8_friday,Friday,1,25,46,47,48,3,8,167,1,48,47,3,2,2,3,2,1,0,1,0,3,11,1
66,2013-06-21,2of8_friday,Friday,5,14,21,23,50,2,7,113,5,50,45,3,2,4,1,0,1,1,2,0,1,9,1
67,2013-06-28,2of8_friday,Friday,6,8,23,33,49,3,8,119,6,49,43,3,2,3,2,0,2,0,1,1,1,11,1
68,2013-07-05,2of8_friday,Friday,15,16,17,19,50,5,7,117,15,50,35,3,2,4,1,2,0,4,0,0,1,12,2
69,2013-07-12,2of8_friday,Friday,7,27,33,47,48,2,7,162,7,48,41,4,1,1,4,1,1,0,1,1,2,9,1
70,2013-07-19,2of8_friday,Friday,7,18,19,33,37,2,5,114,7,37,30,4,1,3,2,1,1,2,0,2,0,7,1
71,2013-07-26,2of8_friday,Friday,4,13,19,25,43,3,4,104,4,43,39,4,1,4,1,0,1,2,1,0,1,7,1
72,2013-08-02,2of8_friday,Friday,14,23,29,33,37,2,5,136,14,37,23,4,1,2,3,0,0,1,2,2,0,7,1
73,2013-08-09,2of8_friday,Friday,7,26,32,34,49,1,6,148,7,49,42,2,3,1,4,0,1,0,1,2,1,7,1
74,2013-08-16,2of8_friday,Friday,5,32,33,38,49,3,8,157,5,49,44,3,2,1,4,1,1,0,0,3,1,11,1
75,2013-08-23,2of8_friday,Friday,4,10,25,30,47,2,3,116,4,47,43,2,3,3,2,0,2,0,2,0,1,5,1
76,2013-08-30,2of8_friday,Friday,6,9,10,17,43,2,8,85,6,43,37,3,2,4,1,1,3,1,0,0,1,10,0
77,2013-09-06,2of8_friday,Friday,3,7,20,32,44,4,5,106,3,44,41,2,3,3,2,0,2,1,0,1,1,9,1
78,2013-09-13,2of8_friday,Friday,3,10,18,31,43,1,7,105,3,43,40,3,2,3,2,0,2,1,0,1,1,8,2
79,2013-09-20,2of8_friday,Friday,2,6,15,18,24,5,7,65,2,24,22,1,4,5,0,0,2,2,1,0,0,12,2
80,2013-09-27,2of8_friday,Friday,6,10,21,34,36,1,4,107,6,36,30,1,4,3,2,0,2,0,1,2,0,5,1
81,2013-10-04,2of8_friday,Friday,1,7,16,21,48,1,8,93,1,48,47,3,2,4,1,0,2,1,1,0,1,9,1
82,2013-10-11,2of8_friday,Friday,2,11,23,29,34,7,8,99,2,34,32,3,2,3,2,0,1,1,2,1,0,15,1
83,2013-10-18,2of8_friday,Friday,7,22,24,25,41,1,3,119,7,41,34,3,2,4,1,1,1,0,3,0,1,4,2
84,2013-10-25,2of8_friday,Friday,9,25,39,41,46,2,8,160,9,46,37,4,1,2,3,0,1,0,1,1,2,10,0
85,2013-11-01,2of8_friday,Friday,7,10,13,26,27,5,8,83,7,27,20,3,2,3,2,1,2,1,2,0,0,13,1
86,2013-11-08,2of8_friday,Friday,18,25,28,34,42,3,4,147,18,42,24,1,4,2,3,0,0,1,2,1,1,7,1
87,2013-11-15,2of8_friday,Friday,3,19,32,43,48,4,8,145,3,48,45,3,2,2,3,0,1,1,0,1,2,12,0
88,2013-11-22,2of8_friday,Friday,1,38,39,42,47,1,2,167,1,47,46,3,2,1,4,1,1,0,0,2,2,3,1
89,2013-11-29,2of8_friday,Friday,17,25,32,35,45,4,7,154,17,45,28,4,1,2,3,0,0,1,1,2,1,11,1
90,2013-12-06,2of8_friday,Friday,1,8,18,25,47,2,7,99,1,47,46,3,2,4,1,0,2,1,1,0,1,9,1
91,2013-12-13,2of8_friday,Friday,9,19,24,28,49,2,8,129,9,49,40,3,2,3,2,0,1,1,2,0,1,10,0
92,2013-12-20,2of8_friday,Friday,9,12,22,37,40,6,8,120,9,40,31,2,3,3,2,0,1,1,1,2,0,14,0
93,2013-12-27,2of8_friday,Friday,2,15,33,40,43,3,7,133,2,43,41,3,2,2,3,0,1,1,0,2,1,10,2
94,2014-01-03,2of8_friday,Friday,1,16,34,36,37,4,6,124,1,37,36,2,3,2,3,1,1,1,0,3,0,10,0
95,2014-01-10,2of8_friday,Friday,8,18,22,33,40,2,8,121,8,40,32,1,4,3,2,0,1,1,1,2,0,10,0
96,2014-01-17,2of8_friday,Friday,4,7,17,25,29,2,4,82,4,29,25,4,1,4,1,0,2,1,2,0,0,6,0
97,2014-01-24,2of8_friday,Friday,4,28,30,36,46,3,7,144,4,46,42,0,5,1,4,0,1,0,2,1,1,10,2
98,2014-01-31,2of8_friday,Friday,12,17,29,39,40,5,6,137,12,40,28,3,2,2,3,1,0,2,1,2,0,11,1
99,2014-02-07,2of8_friday,Friday,16,18,20,36,49,3,4,139,16,49,33,1,4,3,2,0,0,3,0,1,1,7,1
100,2014-02-14,2of8_friday,Friday,19,21,22,28,45,6,7,135,19,45,26,3,2,3,2,1,0,1,3,0,1,13,1
101,2014-02-21,2of8_friday,Friday,2,4,21,30,41,7,8,98,2,41,39,2,3,3,2,0,2,0,2,0,1,15,1
102,2014-02-28,2of8_friday,Friday,2,17,21,22,45,1,5,107,2,45,43,3,2,4,1,1,1,1,2,0,1,6,2
103,2014-03-07,2of8_friday,Friday,7,14,15,20,39,1,8,95,7,39,32,3,2,4,1,1,1,3,0,1,0,9,1
104,2014-03-14,2of8_friday,Friday,6,7,9,13,30,4,7,65,6,30,24,3,2,4,1,1,3,1,1,0,0,11,1
105,2014-03-21,2of8_friday,Friday,8,18,35,38,42,4,6,141,8,42,34,1,4,2,3,0,1,1,0,2,1,10,0
106,2014-03-28,2of8_friday,Friday,10,32,35,38,45,4,5,160,10,45,35,2,3,1,4,0,1,0,0,3,1,9,1
107,2014-04-04,2of8_friday,Friday,10,16,28,30,33,4,6,117,10,33,23,1,4,2,3,0,1,1,2,1,0,10,0
108,2014-04-11,2of8_friday,Friday,1,7,14,22,44,1,2,88,1,44,43,2,3,4,1,0,2,1,1,0,1,3,1
109,2014-04-18,2of8_friday,Friday,12,32,40,44,49,2,3,177,12,49,37,1,4,1,4,0,0,1,0,2,2,5,1
110,2014-04-25,2of8_friday,Friday,4,7,10,39,48,3,4,108,4,48,44,2,3,3,2,0,3,0,0,1,1,7,1
111,2014-05-02,2of8_friday,Friday,9,31,32,33,34,6,8,139,9,34,25,3,2,1,4,3,1,0,0,4,0,14,0
112,2014-05-09,2of8_friday,Friday,1,11,14,22,43,3,4,91,1,43,42,3,2,4,1,0,1,2,1,0,1,7,1
113,2014-05-16,2of8_friday,Friday,9,28,36,42,43,2,8,158,9,43,34,2,3,1,4,1,1,0,1,1,2,10,0
114,2014-05-23,2of8_friday,Friday,6,21,33,37,47,7,8,144,6,47,41,4,1,2,3,0,1,0,1,2,1,15,1
115,2014-05-30,2of8_friday,Friday,7,17,25,26,35,4,7,110,7,35,28,4,1,3,2,1,1,1,2,1,0,11,1
116,2014-06-06,2of8_friday,Friday,6,9,19,37,38,4,8,109,6,38,32,3,2,3,2,1,2,1,0,2,0,12,0
117,2014-06-13,2of8_friday,Friday,1,8,15,18,39,1,6,81,1,39,38,3,2,4,1,0,2,2,0,1,0,7,1
118,2014-06-20,2of8_friday,Friday,6,10,23,33,41,6,8,113,6,41,35,3,2,3,2,0,2,0,1,1,1,14,0
119,2014-06-27,2of8_friday,Friday,11,33,35,42,44,4,6,165,11,44,33,3,2,1,4,0,0,1,0,2,2,10,0
120,2014-07-04,2of8_friday,Friday,3,10,11,13,42,1,8,79,3,42,39,3,2,4,1,1,2,2,0,0,1,9,1
121,2014-07-11,2of8_friday,Friday,3,10,16,35,45,4,6,109,3,45,42,3,2,3,2,0,2,1,0,1,1,10,0
122,2014-07-18,2of8_friday,Friday,6,11,15,18,45,5,8,95,6,45,39,3,2,4,1,0,1,3,0,0,1,13,1
123,2014-07-25,2of8_friday,Friday,3,10,36,43,47,2,5,139,3,47,44,3,2,2,3,0,2,0,0,1,2,7,1
124,2014-08-01,2of8_friday,Friday,5,18,33,38,47,3,6,141,5,47,42,3,2,2,3,0,1,1,0,2,1,9,1
125,2014-08-08,2of8_friday,Friday,15,19,21,34,40,3,4,129,15,40,25,3,2,3,2,0,0,2,1,2,0,7,1
126,2014-08-15,2of8_friday,Friday,17,38,41,43,47,4,6,186,17,47,30,4,1,1,4,0,0,1,0,1,3,10,0
127,2014-08-22,2of8_friday,Friday,19,20,40,42,47,2,8,168,19,47,28,2,3,2,3,1,0,2,0,1,2,10,0
128,2014-08-29,2of8_friday,Friday,1,8,9,12,37,2,6,67,1,37,36,3,2,4,1,1,3,1,0,1,0,8,0
129,2014-09-05,2of8_friday,Friday,26,31,33,39,40,5,6,169,26,40,14,3,2,0,5,1,0,0,1,4,0,11,1
130,2014-09-12,2of8_friday,Friday,2,9,17,25,29,3,5,82,2,29,27,4,1,4,1,0,2,1,2,0,0,8,2
131,2014-09-19,2of8_friday,Friday,13,18,20,38,39,1,8,128,13,39,26,2,3,3,2,1,0,3,0,2,0,9,1
132,2014-09-26,2of8_friday,Friday,8,26,32,44,50,4,7,160,8,50,42,0,5,1,4,0,1,0,1,1,2,11,1
133,2014-10-03,2of8_friday,Friday,8,15,34,44,49,4,8,150,8,49,41,2,3,2,3,0,1,1,0,1,2,12,0
134,2014-10-10,2of10_friday,Friday,11,17,20,22,29,4,6,99,11,29,18,3,2,4,1,0,0,3,2,0,0,10,0
135,2014-10-17,2of10_friday,Friday,14,24,27,35,39,7,8,139,14,39,25,3,2,2,3,0,0,1,2,2,0,15,1
136,2014-10-24,2of10_friday,Friday,3,15,22,26,37,2,4,103,3,37,34,3,2,3,2,0,1,1,2,1,0,6,0
137,2014-10-31,2of10_friday,Friday,3,7,27,43,46,3,8,126,3,46,43,4,1,2,3,0,2,0,1,0,2,11,1
138,2014-11-07,2of10_friday,Friday,5,13,25,33,35,4,8,111,5,35,30,5,0,3,2,0,1,1,1,2,0,12,0
139,2014-11-14,2of10_friday,Friday,22,25,41,45,49,2,5,182,22,49,27,4,1,2,3,0,0,0,2,0,3,7,1
140,2014-11-21,2of10_friday,Friday,4,18,35,41,43,4,5,141,4,43,39,3,2,2,3,0,1,1,0,1,2,9,1
141,2014-11-28,2of10_friday,Friday,6,16,18,29,35,6,9,104,6,35,29,2,3,3,2,0,1,2,1,1,0,15,1
142,2014-12-05,2of10_friday,Friday,11,25,32,42,47,4,9,157,11,47,36,3,2,2,3,0,0,1,1,1,2,13,1
143,2014-12-12,2of10_friday,Friday,1,8,15,19,37,7,9,80,1,37,36,4,1,4,1,0,2,2,0,1,0,16,2
144,2014-12-19,2of10_friday,Friday,10,11,25,32,49,5,9,127,10,49,39,3,2,3,2,1,1,1,1,1,1,14,2
145,2014-12-26,2of10_friday,Friday,2,21,30,39,43,5,7,135,2,43,41,3,2,2,3,0,1,0,2,1,1,12,2
146,2015-01-02,2of10_friday,Friday,16,29,38,42,48,5,6,173,16,48,32,1,4,1,4,0,0,1,1,1,2,11,1
147,2015-01-09,2of10_friday,Friday,13,19,20,27,41,5,9,120,13,41,28,4,1,3,2,1,0,3,1,0,1,14,2
148,2015-01-16,2of10_friday,Friday,1,4,14,32,48,5,6,99,1,48,47,1,4,3,2,0,2,1,0,1,1,11,1
149,2015-01-23,2of10_friday,Friday,2,13,14,30,32,1,3,91,2,32,30,1,4,3,2,1,1,2,1,1,0,4,2
150,2015-01-30,2of10_friday,Friday,3,4,8,11,41,2,8,67,3,41,38,3,2,4,1,1,3,1,0,0,1,10,0
151,2015-02-06,2of10_friday,Friday,3,19,22,37,39,5,10,120,3,39,36,4,1,3,2,0,1,1,1,2,0,15,1
152,2015-02-13,2of10_friday,Friday,3,7,14,46,48,6,9,118,3,48,45,2,3,3,2,0,2,1,0,0,2,15,1
153,2015-02-20,2of10_friday,Friday,1,16,18,29,44,2,7,108,1,44,43,2,3,3,2,0,1,2,1,0,1,9,1
154,2015-02-27,2of10_friday,Friday,9,28,30,43,49,8,10,159,9,49,40,3,2,1,4,0,1,0,2,0,2,18,0
155,2015-03-06,2of10_friday,Friday,9,16,17,20,32,2,3,94,9,32,23,2,3,4,1,1,1,3,0,1,0,5,1
156,2015-03-13,2of10_friday,Friday,1,10,25,39,44,1,2,119,1,44,43,3,2,3,2,0,2,0,1,1,1,3,1
157,2015-03-20,2of10_friday,Friday,9,11,13,35,38,5,7,106,9,38,29,4,1,3,2,0,1,2,0,2,0,12,2
158,2015-03-27,2of10_friday,Friday,3,26,31,33,50,3,9,143,3,50,47,3,2,1,4,0,1,0,1,2,1,12,2
159,2015-04-03,2of10_friday,Friday,5,34,37,43,48,2,4,167,5,48,43,3,2,1,4,0,1,0,0,2,2,6,0
160,2015-04-10,2of10_friday,Friday,1,18,26,40,47,3,4,132,1,47,46,2,3,2,3,0,1,1,1,1,1,7,1
161,2015-04-17,2of10_friday,Friday,5,6,13,20,33,3,8,77,5,33,28,3,2,4,1,1,2,2,0,1,0,11,1
162,2015-04-24,2of10_friday,Friday,4,17,27,33,46,3,9,127,4,46,42,3,2,2,3,0,1,1,1,1,1,12,2
163,2015-05-01,2of10_friday,Friday,8,24,25,30,50,4,6,137,8,50,42,1,4,3,2,1,1,0,3,0,1,10,0
164,2015-05-08,2of10_friday,Friday,19,31,32,40,46,8,9,168,19,46,27,2,3,1,4,1,0,1,0,3,1,17,1
165,2015-05-15,2of10_friday,Friday,12,14,18,38,46,9,10,128,12,46,34,0,5,3,2,0,0,3,0,1,1,19,1
166,2015-05-22,2of10_friday,Friday,8,23,24,39,50,1,5,144,8,50,42,2,3,3,2,1,1,0,2,1,1,6,2
167,2015-05-29,2of10_friday,Friday,1,6,16,28,38,1,6,89,1,38,37,1,4,3,2,0,2,1,1,1,0,7,1
168,2015-06-05,2of10_friday,Friday,19,38,40,41,50,1,5,188,19,50,31,2,3,1,4,1,0,1,0,2,2,6,2
169,2015-06-12,2of10_friday,Friday,17,23,27,30,39,6,8,136,17,39,22,4,1,2,3,0,0,1,3,1,0,14,0
170,2015-06-19,2of10_friday,Friday,12,14,20,21,39,5,10,106,12,39,27,2,3,4,1,1,0,3,1,1,0,15,1
171,2015-06-26,2of10_friday,Friday,14,27,28,35,47,1,8,151,14,47,33,3,2,1,4,1,0,1,2,1,1,9,1
172,2015-07-03,2of10_friday,Friday,1,31,40,41,45,5,9,158,1,45,44,4,1,1,4,1,1,0,0,2,2,14,2
173,2015-07-10,2of10_friday,Friday,12,35,36,39,47,3,6,169,12,47,35,3,2,1,4,1,0,1,0,3,1,9,1
174,2015-07-17,2of10_friday,Friday,6,21,30,37,44,1,3,138,6,44,38,2,3,2,3,0,1,0,2,1,1,4,2
175,2015-07-24,2of10_friday,Friday,6,12,15,20,30,3,6,83,6,30,24,1,4,4,1,0,1,3,1,0,0,9,1
176,2015-07-31,2of10_friday,Friday,11,19,24,46,49,1,5,149,11,49,38,3,2,3,2,0,0,2,1,0,2,6,2
177,2015-08-07,2of10_friday,Friday,1,9,15,22,49,4,7,96,1,49,48,4,1,4,1,0,2,1,1,0,1,11,1
178,2015-08-14,2of10_friday,Friday,1,7,27,28,41,2,6,104,1,41,40,4,1,2,3,1,2,0,2,0,1,8,0
179,2015-08-21,2of10_friday,Friday,13,20,39,40,42,3,9,154,13,42,29,2,3,2,3,1,0,2,0,2,1,12,2
180,2015-08-28,2of10_friday,Friday,5,8,33,34,46,3,8,126,5,46,41,2,3,2,3,1,2,0,0,2,1,11,1
181,2015-09-04,2of10_friday,Friday,12,23,37,41,46,3,7,159,12,46,34,3,2,2,3,0,0,1,1,1,2,10,2
182,2015-09-11,2of10_friday,Friday,7,22,27,30,31,5,7,117,7,31,24,3,2,2,3,1,1,0,3,1,0,12,2
183,2015-09-18,2of10_friday,Friday,3,7,13,41,48,1,7,112,3,48,45,4,1,3,2,0,2,1,0,0,2,8,2
184,2015-09-25,2of10_friday,Friday,3,5,13,16,30,3,6,67,3,30,27,3,2,4,1,0,2,2,1,0,0,9,1
185,2015-10-02,2of10_friday,Friday,7,9,28,39,47,2,8,130,7,47,40,4,1,2,3,0,2,0,1,1,1,10,0
186,2015-10-09,2of10_friday,Friday,13,14,23,26,31,3,9,107,13,31,18,3,2,3,2,1,0,2,2,1,0,12,2
187,2015-10-16,2of10_friday,Friday,11,19,38,42,46,3,9,156,11,46,35,2,3,2,3,0,0,2,0,1,2,12,2
188,2015-10-23,2of10_friday,Friday,16,18,34,36,49,6,8,153,16,49,33,1,4,2,3,0,0,2,0,2,1,14,0
189,2015-10-30,2of10_friday,Friday,5,15,16,36,37,3,5,109,5,37,32,3,2,3,2,2,1,2,0,2,0,8,2
190,2015-11-06,2of10_friday,Friday,2,4,8,22,24,3,9,60,2,24,22,0,5,5,0,0,3,0,2,0,0,12,2
191,2015-11-13,2of10_friday,Friday,19,23,26,27,49,3,10,144,19,49,30,4,1,2,3,1,0,1,3,0,1,13,1
192,2015-11-20,2of10_friday,Friday,1,18,20,31,36,5,9,106,1,36,35,2,3,3,2,0,1,2,0,2,0,14,2
193,2015-11-27,2of10_friday,Friday,2,7,13,26,49,3,4,97,2,49,47,3,2,3,2,0,2,1,1,0,1,7,1
194,2015-12-04,2of10_friday,Friday,14,16,26,34,38,2,8,128,14,38,24,0,5,2,3,0,0,2,1,2,0,10,0
195,2015-12-11,2of10_friday,Friday,34,36,37,39,49,8,10,195,34,49,15,3,2,0,5,1,0,0,0,4,1,18,0
196,2015-12-18,2of10_friday,Friday,11,19,27,32,42,5,9,131,11,42,31,3,2,2,3,0,0,2,1,1,1,14,2
197,2015-12-25,2of10_friday,Friday,8,9,33,34,36,3,9,120,8,36,28,2,3,2,3,2,2,0,0,3,0,12,2
198,2016-01-01,2of10_friday,Friday,11,14,35,44,45,5,6,149,11,45,34,3,2,2,3,1,0,2,0,1,2,11,1
199,2016-01-08,2of10_friday,Friday,1,2,5,24,47,3,8,79,1,47,46,3,2,4,1,1,3,0,1,0,1,11,1
200,2016-01-15,2of10_friday,Friday,4,23,25,37,39,1,9,128,4,39,35,4,1,3,2,0,1,0,2,2,0,10,2
201,2016-01-22,2of10_friday,Friday,3,19,26,29,36,4,9,113,3,36,33,3,2,2,3,0,1,1,2,1,0,13,1
202,2016-01-29,2of10_friday,Friday,3,20,32,40,42,4,9,137,3,42,39,1,4,2,3,0,1,1,0,2,1,13,1
203,2016-02-05,2of10_friday,Friday,10,25,35,37,43,5,8,150,10,43,33,4,1,2,3,0,1,0,1,2,1,13,1
204,2016-02-12,2of10_friday,Friday,7,20,21,33,41,1,2,122,7,41,34,4,1,3,2,1,1,1,1,1,1,3,1
205,2016-02-19,2of10_friday,Friday,10,12,28,29,49,3,4,128,10,49,39,2,3,2,3,1,1,1,2,0,1,7,1
206,2016-02-26,2of10_friday,Friday,9,11,19,42,45,7,10,126,9,45,36,4,1,3,2,0,1,2,0,0,2,17,1
207,2016-03-04,2of10_friday,Friday,2,5,10,13,28,3,10,58,2,28,26,2,3,4,1,0,3,1,1,0,0,13,1
208,2016-03-11,2of10_friday,Friday,10,16,31,37,40,3,9,134,10,40,30,2,3,2,3,0,1,1,0,3,0,12,2
209,2016-03-18,2of10_friday,Friday,10,20,35,47,50,4,7,162,10,50,40,2,3,2,3,0,1,1,0,1,2,11,1
210,2016-03-25,2of10_friday,Friday,9,10,19,20,35,3,4,93,9,35,26,3,2,4,1,2,2,2,0,1,0,7,1
211,2016-04-01,2of10_friday,Friday,6,12,21,40,49,8,10,128,6,49,43,2,3,3,2,0,1,1,1,1,1,18,0
212,2016-04-08,2of10_friday,Friday,1,2,16,31,50,1,7,100,1,50,49,2,3,3,2,1,2,1,0,1,1,8,2
213,2016-04-15,2of10_friday,Friday,1,5,17,39,46,6,7,108,1,46,45,4,1,3,2,0,2,1,0,1,1,13,1
214,2016-04-22,2of10_friday,Friday,5,28,31,33,49,1,2,146,5,49,44,4,1,1,4,0,1,0,1,2,1,3,1
215,2016-04-29,2of10_friday,Friday,10,14,20,24,40,2,10,108,10,40,30,0,5,4,1,0,1,2,1,1,0,12,0
216,2016-05-06,2of10_friday,Friday,12,24,38,45,46,6,10,165,12,46,34,1,4,2,3,1,0,1,1,1,2,16,0
217,2016-05-13,2of10_friday,Friday,6,7,36,39,40,1,10,128,6,40,34,2,3,2,3,2,2,0,0,3,0,11,1
218,2016-05-20,2of10_friday,Friday,6,19,23,33,34,4,7,115,6,34,28,3,2,3,2,1,1,1,1,2,0,11,1
219,2016-05-27,2of10_friday,Friday,4,10,26,33,48,5,9,121,4,48,44,1,4,2,3,0,2,0,1,1,1,14,2
220,2016-06-03,2of10_friday,Friday,13,20,32,34,47,6,9,146,13,47,34,2,3,2,3,0,0,2,0,2,1,15,1
221,2016-06-10,2of10_friday,Friday,11,12,26,28,37,8,10,114,11,37,26,2,3,2,3,1,0,2,2,1,0,18,0
222,2016-06-17,2of10_friday,Friday,16,18,19,23,44,1,3,120,16,44,28,2,3,4,1,1,0,3,1,0,1,4,2
223,2016-06-24,2of10_friday,Friday,19,21,24,41,48,1,6,153,19,48,29,3,2,3,2,0,0,1,2,0,2,7,1
224,2016-07-01,2of10_friday,Friday,29,37,38,47,50,2,4,201,29,50,21,3,2,0,5,1,0,0,1,2,2,6,0
225,2016-07-08,2of10_friday,Friday,4,19,21,31,42,5,10,117,4,42,38,3,2,3,2,0,1,1,1,1,1,15,1
226,2016-07-15,2of10_friday,Friday,12,22,36,38,50,2,9,158,12,50,38,0,5,2,3,0,0,1,1,2,1,11,1
227,2016-07-22,2of10_friday,Friday,6,14,20,26,46,2,4,112,6,46,40,0,5,3,2,0,1,2,1,0,1,6,0
228,2016-07-29,2of10_friday,Friday,4,8,22,36,44,5,10,114,4,44,40,0,5,3,2,0,2,0,1,1,1,15,1
229,2016-08-05,2of10_friday,Friday,5,11,12,30,40,2,5,98,5,40,35,2,3,3,2,1,1,2,1,1,0,7,1
230,2016-08-12,2of10_friday,Friday,6,15,18,21,38,1,4,98,6,38,32,2,3,4,1,0,1,2,1,1,0,5,1
231,2016-08-19,2of10_friday,Friday,22,33,42,43,46,6,10,186,22,46,24,2,3,1,4,1,0,0,1,1,3,16,0
232,2016-08-26,2of10_friday,Friday,4,8,9,33,43,5,9,97,4,43,39,3,2,3,2,1,3,0,0,1,1,14,2
233,2016-09-02,2of10_friday,Friday,15,28,30,42,50,1,8,165,15,50,35,1,4,1,4,0,0,1,2,0,2,9,1
234,2016-09-09,2of10_friday,Friday,11,27,34,35,39,6,10,146,11,39,28,4,1,1,4,1,0,1,1,3,0,16,0
235,2016-09-16,2of10_friday,Friday,15,28,30,37,43,2,5,153,15,43,28,3,2,1,4,0,0,1,2,1,1,7,1
236,2016-09-23,2of10_friday,Friday,1,7,23,25,45,5,8,101,1,45,44,5,0,4,1,0,2,0,2,0,1,13,1
237,2016-09-30,2of10_friday,Friday,4,28,29,39,44,8,10,144,4,44,40,2,3,1,4,1,1,0,2,1,1,18,0
238,2016-10-07,2of10_friday,Friday,1,10,20,43,44,6,9,118,1,44,43,2,3,3,2,1,2,1,0,0,2,15,1
239,2016-10-14,2of10_friday,Friday,7,10,25,39,42,3,6,123,7,42,35,3,2,3,2,0,2,0,1,1,1,9,1
240,2016-10-21,2of10_friday,Friday,14,16,28,34,35,3,9,127,14,35,21,1,4,2,3,1,0,2,1,2,0,12,2
241,2016-10-28,2of10_friday,Friday,1,4,6,12,13,1,6,36,1,13,12,2,3,5,0,1,3,2,0,0,0,7,1
242,2016-11-04,2of10_friday,Friday,14,15,16,22,50,2,10,117,14,50,36,1,4,4,1,2,0,3,1,0,1,12,0
243,2016-11-11,2of10_friday,Friday,1,16,18,42,47,6,8,124,1,47,46,2,3,3,2,0,1,2,0,0,2,14,0
244,2016-11-18,2of10_friday,Friday,7,10,16,32,40,1,6,105,7,40,33,1,4,3,2,0,2,1,0,2,0,7,1
245,2016-11-25,2of10_friday,Friday,19,28,34,45,49,1,6,175,19,49,30,3,2,1,4,0,0,1,1,1,2,7,1
246,2016-12-02,2of10_friday,Friday,1,20,39,48,50,3,7,158,1,50,49,2,3,2,3,0,1,1,0,1,2,10,2
247,2016-12-09,2of10_friday,Friday,12,17,29,44,50,2,10,152,12,50,38,2,3,2,3,0,0,2,1,0,2,12,0
248,2016-12-16,2of10_friday,Friday,2,3,24,25,34,6,8,88,2,34,32,2,3,4,1,2,2,0,2,1,0,14,0
249,2016-12-23,2of10_friday,Friday,13,27,30,42,46,3,4,158,13,46,33,2,3,1,4,0,0,1,2,0,2,7,1
250,2016-12-30,2of10_friday,Friday,27,30,45,47,50,1,9,199,27,50,23,3,2,0,5,0,0,0,2,0,3,10,2
251,2017-01-06,2of10_friday,Friday,7,14,23,27,35,3,5,106,7,35,28,4,1,3,2,0,1,1,2,1,0,8,2
252,2017-01-13,2of10_friday,Friday,2,21,26,44,45,1,6,138,2,45,43,2,3,2,3,1,1,0,2,0,2,7,1
253,2017-01-20,2of10_friday,Friday,5,23,25,35,40,5,8,128,5,40,35,4,1,3,2,0,1,0,2,2,0,13,1
254,2017-01-27,2of10_friday,Friday,12,15,19,29,48,7,9,123,12,48,36,3,2,3,2,0,0,3,1,0,1,16,2
255,2017-02-03,2of10_friday,Friday,4,5,17,39,47,3,4,112,4,47,43,4,1,3,2,1,2,1,0,1,1,7,1
256,2017-02-10,2of10_friday,Friday,13,23,31,42,44,2,5,153,13,44,31,3,2,2,3,0,0,1,1,1,2,7,1
257,2017-02-17,2of10_friday,Friday,7,18,19,40,49,5,6,133,7,49,42,3,2,3,2,1,1,2,0,1,1,11,1
258,2017-02-24,2of10_friday,Friday,1,7,13,19,20,6,8,60,1,20,19,4,1,5,0,1,2,3,0,0,0,14,0
259,2017-03-03,2of10_friday,Friday,3,7,16,18,25,2,10,69,3,25,22,3,2,5,0,0,2,2,1,0,0,12,0
260,2017-03-10,2of10_friday,Friday,13,18,20,35,46,7,8,132,13,46,33,2,3,3,2,0,0,3,0,1,1,15,1
261,2017-03-17,2of10_friday,Friday,3,16,25,38,45,7,8,127,3,45,42,3,2,3,2,0,1,1,1,1,1,15,1
262,2017-03-24,2of10_friday,Friday,25,26,30,36,44,3,9,161,25,44,19,1,4,1,4,1,0,0,3,1,1,12,2
263,2017-03-31,2of10_friday,Friday,8,14,34,40,44,1,7,140,8,44,36,0,5,2,3,0,1,1,0,2,1,8,2
264,2017-04-07,2of10_friday,Friday,10,27,43,45,46,4,8,171,10,46,36,3,2,1,4,1,1,0,1,0,3,12,0
265,2017-04-14,2of10_friday,Friday,6,22,33,46,49,1,5,156,6,49,43,2,3,2,3,0,1,0,1,1,2,6,2
266,2017-04-21,2of10_friday,Friday,27,31,44,46,49,6,8,197,27,49,22,3,2,0,5,0,0,0,1,1,3,14,0
267,2017-04-28,2of10_friday,Friday,3,38,39,41,45,3,5,166,3,45,42,4,1,1,4,1,1,0,0,2,2,8,2
268,2017-05-05,2of10_friday,Friday,8,11,23,41,42,6,8,125,8,42,34,3,2,3,2,1,1,1,1,0,2,14,0
269,2017-05-12,2of10_friday,Friday,7,14,31,35,46,1,2,133,7,46,39,3,2,2,3,0,1,1,0,2,1,3,1
270,2017-05-19,2of10_friday,Friday,22,33,41,46,50,2,6,192,22,50,28,2,3,1,4,0,0,0,1,1,3,8,0
271,2017-05-26,2of10_friday,Friday,3,11,13,15,23,1,9,65,3,23,20,5,0,5,0,0,1,3,1,0,0,10,2
272,2017-06-02,2of10_friday,Friday,2,4,17,20,46,1,8,89,2,46,44,1,4,4,1,0,2,2,0,0,1,9,1
273,2017-06-09,2of10_friday,Friday,13,17,20,24,47,5,8,121,13,47,34,3,2,4,1,0,0,3,1,0,1,13,1
274,2017-06-16,2of10_friday,Friday,1,24,25,31,38,1,7,119,1,38,37,3,2,3,2,1,1,0,2,2,0,8,2
275,2017-06-23,2of10_friday,Friday,6,14,19,27,35,2,4,101,6,35,29,3,2,3,2,0,1,2,1,1,0,6,0
276,2017-06-30,2of10_friday,Friday,1,3,11,18,31,3,6,64,1,31,30,4,1,4,1,0,2,2,0,1,0,9,1
277,2017-07-07,2of10_friday,Friday,15,16,17,23,30,6,9,101,15,30,15,3,2,4,1,2,0,3,2,0,0,15,1
278,2017-07-14,2of10_friday,Friday,3,9,25,31,49,8,9,117,3,49,46,5,0,3,2,0,2,0,1,1,1,17,1
279,2017-07-21,2of10_friday,Friday,27,35,36,38,48,2,3,184,27,48,21,2,3,0,5,1,0,0,1,3,1,5,1
280,2017-07-28,2of10_friday,Friday,14,18,26,40,45,1,5,143,14,45,31,1,4,2,3,0,0,2,1,1,1,6,2
281,2017-08-04,2of10_friday,Friday,18,39,44,46,47,4,6,194,18,47,29,2,3,1,4,1,0,1,0,1,3,10,0
282,2017-08-11,2of10_friday,Friday,13,14,21,23,40,1,3,111,13,40,27,3,2,4,1,1,0,2,2,1,0,4,2
283,2017-08-18,2of10_friday,Friday,1,4,20,32,34,3,6,91,1,34,33,1,4,3,2,0,2,1,0,2,0,9,1
284,2017-08-25,2of10_friday,Friday,11,20,28,41,45,5,9,145,11,45,34,3,2,2,3,0,0,2,1,0,2,14,2
285,2017-09-01,2of10_friday,Friday,3,4,9,19,28,1,7,63,3,28,25,3,2,4,1,1,3,1,1,0,0,8,2
286,2017-09-08,2of10_friday,Friday,11,38,40,42,48,4,5,179,11,48,37,1,4,1,4,0,0,1,0,2,2,9,1
287,2017-09-15,2of10_friday,Friday,15,22,29,33,47,3,7,146,15,47,32,4,1,2,3,0,0,1,2,1,1,10,2
288,2017-09-22,2of10_friday,Friday,10,17,32,36,47,2,5,142,10,47,37,2,3,2,3,0,1,1,0,2,1,7,1
289,2017-09-29,2of10_friday,Friday,2,12,15,29,44,7,10,102,2,44,42,2,3,3,2,0,1,2,1,0,1,17,1
290,2017-10-06,2of10_friday,Friday,5,17,28,40,44,1,8,134,5,44,39,2,3,2,3,0,1,1,1,1,1,9,1
291,2017-10-13,2of10_friday,Friday,9,40,43,44,46,1,8,182,9,46,37,2,3,1,4,1,1,0,0,1,3,9,1
292,2017-10-20,2of10_friday,Friday,1,10,25,46,49,1,6,131,1,49,48,3,2,3,2,0,2,0,1,0,2,7,1
293,2017-10-27,2of10_friday,Friday,2,20,23,29,50,4,5,124,2,50,48,2,3,3,2,0,1,1,2,0,1,9,1
294,2017-11-03,2of10_friday,Friday,2,35,44,45,50,6,7,176,2,50,48,2,3,1,4,1,1,0,0,1,3,13,1
295,2017-11-10,2of10_friday,Friday,1,14,17,24,50,8,9,106,1,50,49,2,3,4,1,0,1,2,1,0,1,17,1
296,2017-11-17,2of10_friday,Friday,3,4,17,41,47,2,5,112,3,47,44,4,1,3,2,1,2,1,0,0,2,7,1
297,2017-11-24,2of10_friday,Friday,11,16,18,22,43,7,8,110,11,43,32,2,3,4,1,0,0,3,1,0,1,15,1
298,2017-12-01,2of10_friday,Friday,5,16,20,29,30,2,7,100,5,30,25,2,3,3,2,1,1,2,2,0,0,9,1
299,2017-12-08,2of10_friday,Friday,9,15,20,24,34,1,5,102,9,34,25,2,3,4,1,0,1,2,1,1,0,6,2
300,2017-12-15,2of10_friday,Friday,1,7,12,16,18,1,4,54,1,18,17,2,3,5,0,0,2,3,0,0,0,5,1
301,2017-12-22,2of10_friday,Friday,16,26,32,40,47,1,6,161,16,47,31,1,4,1,4,0,0,1,1,2,1,7,1
302,2017-12-29,2of10_friday,Friday,16,30,33,40,43,2,4,162,16,43,27,2,3,1,4,0,0,1,1,2,1,6,0
303,2018-01-05,2of10_friday,Friday,2,7,38,40,45,7,10,132,2,45,43,2,3,2,3,0,2,0,0,2,1,17,1
304,2018-01-12,2of10_friday,Friday,16,17,25,40,44,2,9,142,16,44,28,2,3,3,2,1,0,2,1,1,1,11,1
305,2018-01-19,2of10_friday,Friday,3,9,17,45,47,4,9,121,3,47,44,5,0,3,2,0,2,1,0,0,2,13,1
306,2018-01-26,2of10_friday,Friday,10,23,26,29,35,3,5,123,10,35,25,3,2,2,3,0,1,0,3,1,0,8,2
307,2018-02-02,2of10_friday,Friday,15,24,29,33,41,7,8,142,15,41,26,4,1,2,3,0,0,1,2,1,1,15,1
308,2018-02-09,2of10_friday,Friday,7,8,24,34,46,4,8,119,7,46,39,1,4,3,2,1,2,0,1,1,1,12,0
309,2018-02-16,2of10_friday,Friday,4,8,19,25,44,9,10,100,4,44,40,2,3,4,1,0,2,1,1,0,1,19,1
310,2018-02-23,2of10_friday,Friday,18,26,33,42,46,4,10,165,18,46,28,1,4,1,4,0,0,1,1,1,2,14,0
311,2018-03-02,2of10_friday,Friday,16,18,20,27,46,3,5,127,16,46,30,1,4,3,2,0,0,3,1,0,1,8,2
312,2018-03-09,2of10_friday,Friday,15,23,28,33,36,4,7,135,15,36,21,3,2,2,3,0,0,1,2,2,0,11,1
313,2018-03-16,2of10_friday,Friday,4,27,37,48,49,3,4,165,4,49,45,3,2,1,4,1,1,0,1,1,2,7,1
314,2018-03-23,2of10_friday,Friday,4,14,22,33,42,1,10,115,4,42,38,1,4,3,2,0,1,1,1,1,1,11,1
315,2018-03-30,2of10_friday,Friday,5,15,17,29,32,5,7,98,5,32,27,4,1,3,2,0,1,2,1,1,0,12,2
316,2018-04-06,2of10_friday,Friday,6,8,16,23,50,4,8,103,6,50,44,1,4,4,1,0,2,1,1,0,1,12,0
317,2018-04-13,2of10_friday,Friday,3,10,21,25,34,7,10,93,3,34,31,3,2,4,1,0,2,0,2,1,0,17,1
318,2018-04-20,2of10_friday,Friday,22,24,25,28,46,2,4,145,22,46,24,1,4,3,2,1,0,0,4,0,1,6,0
319,2018-04-27,2of10_friday,Friday,9,21,31,32,33,9,10,126,9,33,24,4,1,2,3,2,1,0,1,3,0,19,1
320,2018-05-04,2of10_friday,Friday,24,26,29,36,49,3,6,164,24,49,25,2,3,1,4,0,0,0,3,1,1,9,1
321,2018-05-11,2of10_friday,Friday,3,14,17,37,39,5,10,110,3,39,36,4,1,3,2,0,1,2,0,2,0,15,1
322,2018-05-18,2of10_friday,Friday,1,11,23,41,44,2,8,120,1,44,43,4,1,3,2,0,1,1,1,0,2,10,0
323,2018-05-25,2of10_friday,Friday,15,31,35,40,46,3,8,167,15,46,31,3,2,1,4,0,0,1,0,3,1,11,1
324,2018-06-01,2of10_friday,Friday,14,19,21,30,32,4,7,116,14,32,18,2,3,3,2,0,0,2,2,1,0,11,1
325,2018-06-08,2of10_friday,Friday,5,13,22,36,39,9,10,115,5,39,34,3,2,3,2,0,1,1,1,2,0,19,1
326,2018-06-15,2of10_friday,Friday,1,5,7,9,21,3,10,43,1,21,20,5,0,5,0,0,4,0,1,0,0,13,1
327,2018-06-22,2of10_friday,Friday,16,24,33,35,43,6,7,151,16,43,27,3,2,2,3,0,0,1,1,2,1,13,1
328,2018-06-29,2of10_friday,Friday,9,18,30,47,48,4,6,152,9,48,39,2,3,2,3,1,1,1,1,0,2,10,0
329,2018-07-06,2of10_friday,Friday,2,7,24,38,45,5,8,116,2,45,43,2,3,3,2,0,2,0,1,1,1,13,1
330,2018-07-13,2of10_friday,Friday,13,14,21,34,46,2,5,128,13,46,33,2,3,3,2,1,0,2,1,1,1,7,1
331,2018-07-20,2of10_friday,Friday,13,33,40,42,43,7,9,171,13,43,30,3,2,1,4,1,0,1,0,2,2,16,2
332,2018-07-27,2of10_friday,Friday,2,22,40,43,50,3,8,157,2,50,48,1,4,2,3,0,1,0,1,1,2,11,1
333,2018-08-03,2of10_friday,Friday,4,8,12,25,31,7,8,80,4,31,27,2,3,4,1,0,2,1,1,1,0,15,1
334,2018-08-10,2of10_friday,Friday,4,15,17,21,23,6,7,80,4,23,19,4,1,5,0,0,1,2,2,0,0,13,1
335,2018-08-17,2of10_friday,Friday,2,12,32,43,44,3,4,133,2,44,42,1,4,2,3,1,1,1,0,1,2,7,1
336,2018-08-24,2of10_friday,Friday,8,25,26,38,48,6,9,145,8,48,40,1,4,2,3,1,1,0,2,1,1,15,1
337,2018-08-31,2of10_friday,Friday,3,6,9,18,24,2,7,60,3,24,21,2,3,5,0,0,3,1,1,0,0,9,1
338,2018-09-07,2of10_friday,Friday,4,7,28,36,43,1,6,118,4,43,39,2,3,2,3,0,2,0,1,1,1,7,1
339,2018-09-14,2of10_friday,Friday,24,33,35,46,49,5,9,187,24,49,25,3,2,1,4,0,0,0,1,2,2,14,2
340,2018-09-21,2of10_friday,Friday,5,8,16,42,46,2,10,117,5,46,41,1,4,3,2,0,2,1,0,0,2,12,0
341,2018-09-28,2of10_friday,Friday,3,8,13,18,40,6,10,82,3,40,37,2,3,4,1,0,2,2,0,1,0,16,0
342,2018-10-05,2of10_friday,Friday,12,15,32,44,49,5,7,152,12,49,37,2,3,2,3,0,0,2,0,1,2,12,2
343,2018-10-12,2of10_friday,Friday,6,26,31,42,50,2,9,155,6,50,44,1,4,1,4,0,1,0,1,1,2,11,1
344,2018-10-19,2of10_friday,Friday,9,12,28,32,48,7,8,129,9,48,39,1,4,2,3,0,1,1,1,1,1,15,1
345,2018-10-26,2of10_friday,Friday,18,19,33,38,44,4,10,152,18,44,26,2,3,2,3,1,0,2,0,2,1,14,0
346,2018-11-02,2of10_friday,Friday,5,17,27,33,42,9,10,124,5,42,37,4,1,2,3,0,1,1,1,1,1,19,1
347,2018-11-09,2of10_friday,Friday,8,32,34,46,49,3,5,169,8,49,41,1,4,1,4,0,1,0,0,2,2,8,2
348,2018-11-16,2of10_friday,Friday,13,15,18,39,45,5,6,130,13,45,32,4,1,3,2,0,0,3,0,1,1,11,1
349,2018-11-23,2of10_friday,Friday,17,22,28,31,46,5,10,144,17,46,29,2,3,2,3,0,0,1,2,1,1,15,1
350,2018-11-30,2of10_friday,Friday,18,22,35,36,41,3,4,152,18,41,23,2,3,2,3,1,0,1,1,2,1,7,1
351,2018-12-07,2of10_friday,Friday,4,16,21,31,42,4,6,114,4,42,38,2,3,3,2,0,1,1,1,1,1,10,0
352,2018-12-14,2of10_friday,Friday,4,14,24,26,30,9,10,98,4,30,26,0,5,3,2,0,1,1,3,0,0,19,1
353,2018-12-21,2of10_friday,Friday,3,16,20,34,49,2,10,122,3,49,46,2,3,3,2,0,1,2,0,1,1,12,0
354,2018-12-28,2of10_friday,Friday,19,24,31,38,40,7,10,152,19,40,21,2,3,2,3,0,0,1,1,3,0,17,1
355,2019-01-04,2of10_friday,Friday,3,10,25,32,43,1,3,113,3,43,40,3,2,3,2,0,2,0,1,1,1,4,2
356,2019-01-11,2of10_friday,Friday,6,12,35,39,49,4,9,141,6,49,43,3,2,2,3,0,1,1,0,2,1,13,1
357,2019-01-18,2of10_friday,Friday,2,9,23,36,47,2,9,117,2,47,45,3,2,3,2,0,2,0,1,1,1,11,1
358,2019-01-25,2of10_friday,Friday,24,25,28,35,48,4,8,160,24,48,24,2,3,2,3,1,0,0,3,1,1,12,0
359,2019-02-01,2of10_friday,Friday,6,29,38,45,47,2,3,165,6,47,41,3,2,1,4,0,1,0,1,1,2,5,1
360,2019-02-08,2of10_friday,Friday,5,8,21,24,26,4,5,84,5,26,21,2,3,4,1,0,2,0,3,0,0,9,1
361,2019-02-15,2of10_friday,Friday,1,24,30,31,47,7,9,133,1,47,46,3,2,2,3,1,1,0,2,1,1,16,2
362,2019-02-22,2of10_friday,Friday,14,16,21,25,26,8,10,102,14,26,12,2,3,4,1,1,0,2,3,0,0,18,0
363,2019-03-01,2of10_friday,Friday,7,16,18,19,24,1,6,84,7,24,17,2,3,5,0,1,1,3,1,0,0,7,1
364,2019-03-08,2of10_friday,Friday,4,29,30,31,45,1,7,139,4,45,41,3,2,1,4,2,1,0,2,1,1,8,2
365,2019-03-15,2of10_friday,Friday,1,2,11,19,47,2,7,80,1,47,46,4,1,4,1,1,2,2,0,0,1,9,1
366,2019-03-22,2of10_friday,Friday,15,20,24,44,49,7,9,152,15,49,34,2,3,3,2,0,0,2,1,0,2,16,2
367,2019-03-29,2of10_friday,Friday,4,9,15,24,42,8,9,94,4,42,38,2,3,4,1,0,2,1,1,0,1,17,1
368,2019-04-05,2of10_friday,Friday,22,31,43,44,50,1,9,190,22,50,28,2,3,1,4,1,0,0,1,1,3,10,2
369,2019-04-12,2of10_friday,Friday,14,16,21,30,37,4,8,118,14,37,23,2,3,3,2,0,0,2,2,1,0,12,0
370,2019-04-19,2of10_friday,Friday,18,21,37,43,47,1,3,166,18,47,29,4,1,2,3,0,0,1,1,1,2,4,2
371,2019-04-26,2of10_friday,Friday,1,6,11,17,38,4,8,73,1,38,37,3,2,4,1,0,2,2,0,1,0,12,0
372,2019-05-03,2of10_friday,Friday,3,9,10,19,42,1,7,83,3,42,39,3,2,4,1,1,3,1,0,0,1,8,2
373,2019-05-10,2of10_friday,Friday,5,7,15,19,29,3,8,75,5,29,24,5,0,4,1,0,2,2,1,0,0,11,1
374,2019-05-17,2of10_friday,Friday,20,27,33,35,46,5,9,161,20,46,26,3,2,1,4,0,0,1,1,2,1,14,2
375,2019-05-24,2of10_friday,Friday,8,26,38,47,50,3,7,169,8,50,42,1,4,1,4,0,1,0,1,1,2,10,2
376,2019-05-31,2of10_friday,Friday,10,12,35,36,43,2,5,136,10,43,33,2,3,2,3,1,1,1,0,2,1,7,1
377,2019-06-07,2of10_friday,Friday,7,8,20,35,38,5,9,108,7,38,31,2,3,3,2,1,2,1,0,2,0,14,2
378,2019-06-14,2of10_friday,Friday,8,23,40,41,42,2,10,154,8,42,34,2,3,2,3,2,1,0,1,1,2,12,0
379,2019-06-21,2of10_friday,Friday,20,27,37,41,45,1,7,170,20,45,25,4,1,1,4,0,0,1,1,1,2,8,2
380,2019-06-28,2of10_friday,Friday,18,25,26,35,38,5,6,142,18,38,20,2,3,2,3,1,0,1,2,2,0,11,1
381,2019-07-05,2of10_friday,Friday,1,15,34,48,50,6,10,148,1,50,49,2,3,2,3,0,1,1,0,1,2,16,0
382,2019-07-12,2of10_friday,Friday,31,36,40,42,45,7,9,194,31,45,14,2,3,0,5,0,0,0,0,3,2,16,2
383,2019-07-19,2of10_friday,Friday,31,32,45,47,49,7,9,204,31,49,18,4,1,0,5,1,0,0,0,2,3,16,2
384,2019-07-26,2of10_friday,Friday,3,8,30,46,48,1,3,135,3,48,45,1,4,2,3,0,2,0,1,0,2,4,2
385,2019-08-02,2of10_friday,Friday,6,11,38,41,44,9,10,140,6,44,38,2,3,2,3,0,1,1,0,1,2,19,1
386,2019-08-09,2of10_friday,Friday,2,4,20,21,49,9,10,96,2,49,47,2,3,4,1,1,2,1,1,0,1,19,1
387,2019-08-16,2of10_friday,Friday,7,20,35,42,44,3,7,148,7,44,37,2,3,2,3,0,1,1,0,1,2,10,2
388,2019-08-23,2of10_friday,Friday,15,18,19,41,42,4,6,135,15,42,27,3,2,3,2,2,0,3,0,0,2,10,0
389,2019-08-30,2of10_friday,Friday,10,18,32,35,46,3,10,141,10,46,36,1,4,2,3,0,1,1,0,2,1,13,1
390,2019-09-06,2of10_friday,Friday,21,24,29,30,50,1,5,154,21,50,29,2,3,2,3,1,0,0,4,0,1,6,2
391,2019-09-13,2of10_friday,Friday,3,21,22,33,47,2,9,126,3,47,44,4,1,3,2,1,1,0,2,1,1,11,1
392,2019-09-20,2of10_friday,Friday,17,21,41,48,49,4,8,176,17,49,32,4,1,2,3,1,0,1,1,0,3,12,0
393,2019-09-27,2of10_friday,Friday,21,24,26,34,47,4,6,152,21,47,26,2,3,2,3,0,0,0,3,1,1,10,0
394,2019-10-04,2of10_friday,Friday,15,19,20,45,49,7,8,148,15,49,34,4,1,3,2,1,0,3,0,0,2,15,1
395,2019-10-11,2of10_friday,Friday,8,12,13,39,44,4,9,116,8,44,36,2,3,3,2,1,1,2,0,1,1,13,1
396,2019-10-18,2of10_friday,Friday,6,9,31,43,44,6,9,133,6,44,38,3,2,2,3,1,2,0,0,1,2,15,1
397,2019-10-25,2of10_friday,Friday,2,30,34,35,45,1,2,146,2,45,43,2,3,1,4,1,1,0,1,2,1,3,1
398,2019-11-01,2of10_friday,Friday,3,17,31,34,40,1,2,125,3,40,37,3,2,2,3,0,1,1,0,3,0,3,1
399,2019-11-08,2of10_friday,Friday,14,20,23,39,49,4,10,145,14,49,35,3,2,3,2,0,0,2,1,1,1,14,0
400,2019-11-15,2of10_friday,Friday,10,19,24,30,39,2,4,122,10,39,29,2,3,3,2,0,1,1,2,1,0,6,0
401,2019-11-22,2of10_friday,Friday,3,12,24,37,38,3,7,114,3,38,35,2,3,3,2,1,1,1,1,2,0,10,2
402,2019-11-29,2of10_friday,Friday,2,3,30,31,45,6,8,111,2,45,43,3,2,2,3,2,2,0,1,1,1,14,0
403,2019-12-06,2of10_friday,Friday,8,14,23,30,45,1,9,120,8,45,37,2,3,3,2,0,1,1,2,0,1,10,2
404,2019-12-13,2of10_friday,Friday,25,31,38,49,50,5,10,193,25,50,25,3,2,1,4,1,0,0,1,2,2,15,1
405,2019-12-20,2of10_friday,Friday,12,20,21,22,35,4,10,110,12,35,23,2,3,4,1,2,0,2,2,1,0,14,0
406,2019-12-27,2of10_friday,Friday,7,12,28,34,45,3,6,126,7,45,38,2,3,2,3,0,1,1,1,1,1,9,1
407,2020-01-03,2of10_friday,Friday,6,27,30,35,41,4,5,139,6,41,35,3,2,1,4,0,1,0,2,1,1,9,1
408,2020-01-10,2of10_friday,Friday,4,14,25,34,49,4,9,126,4,49,45,2,3,3,2,0,1,1,1,1,1,13,1
409,2020-01-17,2of10_friday,Friday,1,23,32,45,49,5,10,150,1,49,48,4,1,2,3,0,1,0,1,1,2,15,1
410,2020-01-24,2of10_friday,Friday,5,12,20,29,48,7,9,114,5,48,43,2,3,3,2,0,1,2,1,0,1,16,2
411,2020-01-31,2of10_friday,Friday,1,7,12,23,39,3,4,82,1,39,38,4,1,4,1,0,2,1,1,1,0,7,1
412,2020-02-07,2of10_friday,Friday,7,16,22,36,44,3,4,125,7,44,37,1,4,3,2,0,1,1,1,1,1,7,1
413,2020-02-14,2of10_friday,Friday,2,6,30,32,49,1,4,119,2,49,47,1,4,2,3,0,2,0,1,1,1,5,1
414,2020-02-21,2of10_friday,Friday,2,13,39,45,47,4,6,146,2,47,45,4,1,2,3,0,1,1,0,1,2,10,0
415,2020-02-28,2of10_friday,Friday,12,22,24,29,38,5,6,125,12,38,26,1,4,3,2,0,0,1,3,1,0,11,1
416,2020-03-06,2of10_friday,Friday,15,19,35,36,41,5,10,146,15,41,26,4,1,2,3,1,0,2,0,2,1,15,1
417,2020-03-13,2of10_friday,Friday,1,17,29,39,42,7,8,128,1,42,41,4,1,2,3,0,1,1,1,1,1,15,1
418,2020-03-20,2of10_friday,Friday,9,14,28,30,37,3,10,118,9,37,28,2,3,2,3,0,1,1,2,1,0,13,1
419,2020-03-27,2of10_friday,Friday,13,19,23,34,41,3,8,130,13,41,28,4,1,3,2,0,0,2,1,1,1,11,1
420,2020-04-03,2of10_friday,Friday,3,21,26,40,41,8,10,131,3,41,38,3,2,2,3,1,1,0,2,1,1,18,0
421,2020-04-10,2of10_friday,Friday,2,7,8,43,50,2,3,110,2,50,48,2,3,3,2,1,3,0,0,0,2,5,1
422,2020-04-17,2of10_friday,Friday,1,18,23,33,41,2,6,116,1,41,40,4,1,3,2,0,1,1,1,1,1,8,0
423,2020-04-24,2of10_friday,Friday,6,13,15,34,35,1,5,103,6,35,29,3,2,3,2,1,1,2,0,2,0,6,2
424,2020-05-01,2of10_friday,Friday,6,11,12,21,41,1,2,91,6,41,35,3,2,4,1,1,1,2,1,0,1,3,1
425,2020-05-08,2of10_friday,Friday,9,11,15,36,43,8,9,114,9,43,34,4,1,3,2,0,1,2,0,1,1,17,1
426,2020-05-15,2of10_friday,Friday,21,27,29,34,49,8,10,160,21,49,28,4,1,1,4,0,0,0,3,1,1,18,0
427,2020-05-22,2of10_friday,Friday,12,15,32,40,45,7,10,144,12,45,33,2,3,2,3,0,0,2,0,2,1,17,1
428,2020-05-29,2of10_friday,Friday,8,22,31,32,36,6,10,129,8,36,28,1,4,2,3,1,1,0,1,3,0,16,0
429,2020-06-05,2of10_friday,Friday,9,16,17,29,39,1,8,110,9,39,30,4,1,3,2,1,1,2,1,1,0,9,1
430,2020-06-12,2of10_friday,Friday,7,16,22,30,48,2,8,123,7,48,41,1,4,3,2,0,1,1,2,0,1,10,0
431,2020-06-19,2of10_friday,Friday,2,22,33,38,47,2,9,142,2,47,45,2,3,2,3,0,1,0,1,2,1,11,1
432,2020-06-26,2of10_friday,Friday,14,16,32,34,47,7,9,143,14,47,33,1,4,2,3,0,0,2,0,2,1,16,2
433,2020-07-03,2of10_friday,Friday,12,34,36,47,48,5,7,177,12,48,36,1,4,1,4,1,0,1,0,2,2,12,2
434,2020-07-10,2of10_friday,Friday,5,6,9,15,29,4,9,64,5,29,24,4,1,4,1,1,3,1,1,0,0,13,1
435,2020-07-17,2of10_friday,Friday,13,21,25,34,35,5,10,128,13,35,22,4,1,3,2,1,0,1,2,2,0,15,1
436,2020-07-24,2of10_friday,Friday,7,11,19,32,43,2,8,112,7,43,36,4,1,3,2,0,1,2,0,1,1,10,0
437,2020-07-31,2of10_friday,Friday,3,19,28,43,49,2,3,142,3,49,46,4,1,2,3,0,1,1,1,0,2,5,1
438,2020-08-07,2of10_friday,Friday,4,9,15,24,28,2,6,80,4,28,24,2,3,4,1,0,2,1,2,0,0,8,0
439,2020-08-14,2of10_friday,Friday,9,20,27,35,48,5,9,139,9,48,39,3,2,2,3,0,1,1,1,1,1,14,2
440,2020-08-21,2of10_friday,Friday,26,27,30,46,49,1,2,178,26,49,23,2,3,0,5,1,0,0,3,0,2,3,1
441,2020-08-28,2of10_friday,Friday,8,11,22,38,41,4,7,120,8,41,33,2,3,3,2,0,1,1,1,1,1,11,1
442,2020-09-04,2of10_friday,Friday,5,23,28,38,49,3,9,143,5,49,44,3,2,2,3,0,1,0,2,1,1,12,2
443,2020-09-11,2of10_friday,Friday,2,5,24,43,45,4,10,119,2,45,43,3,2,3,2,0,2,0,1,0,2,14,0
444,2020-09-18,2of10_friday,Friday,7,12,14,40,42,7,8,115,7,42,35,1,4,3,2,0,1,2,0,1,1,15,1
445,2020-09-25,2of10_friday,Friday,1,7,9,29,46,9,10,92,1,46,45,4,1,3,2,0,3,0,1,0,1,19,1
446,2020-10-02,2of10_friday,Friday,15,19,34,39,49,2,7,156,15,49,34,4,1,2,3,0,0,2,0,2,1,9,1
447,2020-10-09,2of10_friday,Friday,1,11,17,23,29,1,8,81,1,29,28,5,0,4,1,0,1,2,2,0,0,9,1
448,2020-10-16,2of10_friday,Friday,5,11,35,44,50,4,10,145,5,50,45,3,2,2,3,0,1,1,0,1,2,14,0
449,2020-10-23,2of10_friday,Friday,17,21,23,37,45,7,9,143,17,45,28,5,0,3,2,0,0,1,2,1,1,16,2
450,2020-10-30,2of10_friday,Friday,11,19,24,33,39,1,4,126,11,39,28,4,1,3,2,0,0,2,1,2,0,5,1
451,2020-11-06,2of10_friday,Friday,5,12,26,47,50,2,3,140,5,50,45,2,3,2,3,0,1,1,1,0,2,5,1
452,2020-11-13,2of10_friday,Friday,5,17,21,37,38,1,4,118,5,38,33,4,1,3,2,1,1,1,1,2,0,5,1
453,2020-11-20,2of10_friday,Friday,18,20,34,49,50,7,8,171,18,50,32,1,4,2,3,1,0,2,0,1,2,15,1
454,2020-11-27,2of10_friday,Friday,1,2,22,25,30,5,10,80,1,30,29,2,3,4,1,1,2,0,3,0,0,15,1
455,2020-12-04,2of10_friday,Friday,1,27,37,40,41,7,10,146,1,41,40,4,1,1,4,1,1,0,1,2,1,17,1
456,2020-12-11,2of10_friday,Friday,4,13,15,41,49,1,9,122,4,49,45,4,1,3,2,0,1,2,0,0,2,10,2
457,2020-12-18,2of10_friday,Friday,4,17,27,28,50,5,8,126,4,50,46,2,3,2,3,1,1,1,2,0,1,13,1
458,2020-12-25,2of10_friday,Friday,7,10,19,26,42,1,9,104,7,42,35,2,3,3,2,0,2,1,1,0,1,10,2
459,2021-01-01,2of10_friday,Friday,17,36,38,43,46,4,6,180,17,46,29,2,3,1,4,0,0,1,0,2,2,10,0
460,2021-01-08,2of10_friday,Friday,8,22,25,38,50,8,9,143,8,50,42,1,4,3,2,0,1,0,2,1,1,17,1
461,2021-01-15,2of10_friday,Friday,10,19,32,36,46,4,6,143,10,46,36,1,4,2,3,0,1,1,0,2,1,10,0
462,2021-01-22,2of10_friday,Friday,38,40,41,46,48,2,6,213,38,48,10,1,4,0,5,1,0,0,0,2,3,8,0
463,2021-01-29,2of10_friday,Friday,16,30,33,36,43,4,8,158,16,43,27,2,3,1,4,0,0,1,1,2,1,12,0
464,2021-02-05,2of10_friday,Friday,2,3,16,33,46,2,10,100,2,46,44,2,3,3,2,1,2,1,0,1,1,12,0
465,2021-02-12,2of10_friday,Friday,15,18,24,27,44,2,7,128,15,44,29,2,3,3,2,0,0,2,2,0,1,9,1
466,2021-02-19,2of10_friday,Friday,27,35,36,38,41,5,7,177,27,41,14,3,2,0,5,1,0,0,1,3,1,12,2
467,2021-02-26,2of10_friday,Friday,3,13,24,29,32,1,7,101,3,32,29,3,2,3,2,0,1,1,2,1,0,8,2
468,2021-03-05,2of10_friday,Friday,9,23,34,40,42,1,4,148,9,42,33,2,3,2,3,0,1,0,1,2,1,5,1
469,2021-03-12,2of10_friday,Friday,6,11,18,26,34,5,8,95,6,34,28,1,4,3,2,0,1,2,1,1,0,13,1
470,2021-03-19,2of10_friday,Friday,3,11,19,34,37,8,9,104,3,37,34,4,1,3,2,0,1,2,0,2,0,17,1
471,2021-03-26,2of10_friday,Friday,7,38,41,44,50,1,8,180,7,50,43,2,3,1,4,0,1,0,0,1,3,9,1
472,2021-04-02,2of10_friday,Friday,1,3,4,36,43,2,3,87,1,43,42,3,2,3,2,1,3,0,0,1,1,5,1
473,2021-04-09,2of10_friday,Friday,11,18,23,29,32,3,7,113,11,32,21,3,2,3,2,0,0,2,2,1,0,10,2
474,2021-04-16,2of10_friday,Friday,12,19,20,28,31,6,9,110,12,31,19,2,3,3,2,1,0,3,1,1,0,15,1
475,2021-04-23,2of10_friday,Friday,3,6,11,14,49,1,5,83,3,49,46,3,2,4,1,0,2,2,0,0,1,6,2
476,2021-04-30,2of10_friday,Friday,23,27,34,40,43,5,7,167,23,43,20,3,2,1,4,0,0,0,2,2,1,12,2
477,2021-05-07,2of10_friday,Friday,3,7,19,27,29,7,10,85,3,29,26,5,0,3,2,0,2,1,2,0,0,17,1
478,2021-05-14,2of10_friday,Friday,1,15,29,42,50,3,6,137,1,50,49,3,2,2,3,0,1,1,1,0,2,9,1
479,2021-05-21,2of10_friday,Friday,2,12,15,33,39,4,9,101,2,39,37,3,2,3,2,0,1,2,0,2,0,13,1
480,2021-05-28,2of10_friday,Friday,15,26,35,37,43,3,8,156,15,43,28,4,1,1,4,0,0,1,1,2,1,11,1
481,2021-06-04,2of10_friday,Friday,13,17,26,49,50,1,7,155,13,50,37,3,2,2,3,1,0,2,1,0,2,8,2
482,2021-06-11,2of10_friday,Friday,8,20,23,48,50,8,9,149,8,50,42,1,4,3,2,0,1,1,1,0,2,17,1
483,2021-06-18,2of10_friday,Friday,11,14,44,46,49,7,10,164,11,49,38,2,3,2,3,0,0,2,0,0,3,17,1
484,2021-06-25,2of10_friday,Friday,4,17,22,30,47,1,8,120,4,47,43,2,3,3,2,0,1,1,2,0,1,9,1
485,2021-07-02,2of10_friday,Friday,4,5,10,25,31,4,6,75,4,31,27,3,2,4,1,1,3,0,1,1,0,10,0
486,2021-07-09,2of10_friday,Friday,8,14,15,20,31,8,9,88,8,31,23,2,3,4,1,1,1,3,0,1,0,17,1
487,2021-07-16,2of10_friday,Friday,9,14,24,37,39,4,9,123,9,39,30,3,2,3,2,0,1,1,1,2,0,13,1
488,2021-07-23,2of10_friday,Friday,13,33,42,48,50,3,9,186,13,50,37,2,3,1,4,0,0,1,0,1,3,12,2
489,2021-07-30,2of10_friday,Friday,5,14,39,43,44,1,6,145,5,44,39,3,2,2,3,1,1,1,0,1,2,7,1
490,2021-08-06,2of10_friday,Friday,16,19,21,29,36,1,7,121,16,36,20,3,2,3,2,0,0,2,2,1,0,8,2
491,2021-08-13,2of10_friday,Friday,4,31,39,43,46,1,4,163,4,46,42,3,2,1,4,0,1,0,0,2,2,5,1
492,2021-08-20,2of10_friday,Friday,8,31,34,36,45,8,10,154,8,45,37,2,3,1,4,0,1,0,0,3,1,18,0
493,2021-08-27,2of10_friday,Friday,19,20,22,25,42,4,6,128,19,42,23,2,3,4,1,1,0,2,2,0,1,10,0
494,2021-09-03,2of10_friday,Friday,5,9,20,44,48,4,10,126,5,48,43,2,3,3,2,0,2,1,0,0,2,14,0
495,2021-09-10,2of10_friday,Friday,2,14,18,23,42,5,10,99,2,42,40,1,4,4,1,0,1,2,1,0,1,15,1
496,2021-09-17,2of10_friday,Friday,14,17,20,27,32,3,7,110,14,32,18,2,3,3,2,0,0,3,1,1,0,10,2
497,2021-09-24,2of10_friday,Friday,12,22,35,38,49,5,10,156,12,49,37,2,3,2,3,0,0,1,1,2,1,15,1
498,2021-10-01,2of10_friday,Friday,20,33,34,37,39,4,8,163,20,39,19,3,2,1,4,1,0,1,0,4,0,12,0
499,2021-10-08,2of10_friday,Friday,20,28,32,38,46,6,8,164,20,46,26,0,5,1,4,0,0,1,1,2,1,14,0
500,2021-10-15,2of10_friday,Friday,2,6,8,21,25,6,9,62,2,25,23,2,3,5,0,0,3,0,2,0,0,15,1
501,2021-10-22,2of10_friday,Friday,15,33,34,38,43,3,7,163,15,43,28,3,2,1,4,1,0,1,0,3,1,10,2
502,2021-10-29,2of10_friday,Friday,11,23,37,38,44,4,8,153,11,44,33,3,2,2,3,1,0,1,1,2,1,12,0
503,2021-11-05,2of10_friday,Friday,6,13,25,31,49,2,7,124,6,49,43,4,1,3,2,0,1,1,1,1,1,9,1
504,2021-11-12,2of10_friday,Friday,4,30,43,44,46,1,3,167,4,46,42,1,4,1,4,1,1,0,1,0,3,4,2
505,2021-11-19,2of10_friday,Friday,6,12,20,21,34,4,5,93,6,34,28,1,4,4,1,1,1,2,1,1,0,9,1
506,2021-11-26,2of10_friday,Friday,7,17,21,37,39,3,5,121,7,39,32,5,0,3,2,0,1,1,1,2,0,8,2
507,2021-12-03,2of10_friday,Friday,2,5,13,15,23,6,8,58,2,23,21,4,1,5,0,0,2,2,1,0,0,14,0
508,2021-12-10,2of10_friday,Friday,8,9,30,34,48,5,8,129,8,48,40,1,4,2,3,1,2,0,1,1,1,13,1
509,2021-12-17,2of10_friday,Friday,6,8,16,44,50,1,10,124,6,50,44,0,5,3,2,0,2,1,0,0,2,11,1
510,2021-12-24,2of10_friday,Friday,3,17,21,35,42,8,9,118,3,42,39,4,1,3,2,0,1,1,1,1,1,17,1
511,2021-12-31,2of10_friday,Friday,7,16,36,42,43,6,8,144,7,43,36,2,3,2,3,1,1,1,0,1,2,14,0
512,2022-01-07,2of10_friday,Friday,8,17,21,23,47,2,6,116,8,47,39,4,1,4,1,0,1,1,2,0,1,8,0
513,2022-01-14,2of10_friday,Friday,9,15,27,41,44,2,4,136,9,44,35,4,1,2,3,0,1,1,1,0,2,6,0
514,2022-01-21,2of10_friday,Friday,2,5,9,29,32,2,4,77,2,32,30,3,2,3,2,0,3,0,1,1,0,6,0
515,2022-01-28,2of10_friday,Friday,5,21,23,29,35,7,9,113,5,35,30,5,0,3,2,0,1,0,3,1,0,16,2
516,2022-02-04,2of10_friday,Friday,12,18,27,33,41,9,10,131,12,41,29,3,2,2,3,0,0,2,1,1,1,19,1
517,2022-02-11,2of10_friday,Friday,5,10,26,37,42,3,10,120,5,42,37,2,3,2,3,0,2,0,1,1,1,13,1
518,2022-02-18,2of10_friday,Friday,5,10,25,29,32,4,7,101,5,32,27,3,2,3,2,0,2,0,2,1,0,11,1
519,2022-02-25,2of10_friday,Friday,4,19,34,41,43,1,5,141,4,43,39,3,2,2,3,0,1,1,0,1,2,6,2
520,2022-03-04,2of10_friday,Friday,1,17,20,36,49,6,9,123,1,49,48,3,2,3,2,0,1,2,0,1,1,15,1
521,2022-03-11,2of10_friday,Friday,5,31,39,46,49,8,9,170,5,49,44,4,1,1,4,0,1,0,0,2,2,17,1
522,2022-03-18,2of10_friday,Friday,1,8,33,38,43,2,6,123,1,43,42,3,2,2,3,0,2,0,0,2,1,8,0
523,2022-03-25,2of12_tue_fri,Friday,11,20,31,35,46,6,10,143,11,46,35,3,2,2,3,0,0,2,0,2,1,16,0
524,2022-03-29,2of12_tue_fri,Tuesday,10,15,18,24,39,2,11,106,10,39,29,2,3,4,1,0,1,2,1,1,0,13,1
525,2022-04-01,2of12_tue_fri,Friday,7,8,35,37,49,5,8,136,7,49,42,4,1,2,3,1,2,0,0,2,1,13,1
526,2022-04-05,2of12_tue_fri,Tuesday,9,10,28,38,48,8,12,133,9,48,39,1,4,2,3,1,2,0,1,1,1,20,0
527,2022-04-08,2of12_tue_fri,Friday,2,26,41,45,48,5,12,162,2,48,46,2,3,1,4,0,1,0,1,0,3,17,1
528,2022-04-12,2of12_tue_fri,Tuesday,19,20,24,36,41,4,5,140,19,41,22,2,3,3,2,1,0,2,1,1,1,9,1
529,2022-04-15,2of12_tue_fri,Friday,2,5,10,20,24,4,7,61,2,24,22,1,4,5,0,0,3,1,1,0,0,11,1
530,2022-04-19,2of12_tue_fri,Tuesday,3,7,15,17,35,3,4,77,3,35,32,5,0,4,1,0,2,2,0,1,0,7,1
531,2022-04-22,2of12_tue_fri,Friday,2,18,28,42,50,2,11,140,2,50,48,0,5,2,3,0,1,1,1,0,2,13,1
532,2022-04-26,2of12_tue_fri,Tuesday,10,27,32,41,49,1,9,159,10,49,39,3,2,1,4,0,1,0,1,1,2,10,2
533,2022-04-29,2of12_tue_fri,Friday,5,6,17,18,34,1,11,80,5,34,29,2,3,4,1,2,2,2,0,1,0,12,2
534,2022-05-03,2of12_tue_fri,Tuesday,6,13,22,24,30,5,10,95,6,30,24,1,4,4,1,0,1,1,3,0,0,15,1
535,2022-05-06,2of12_tue_fri,Friday,5,6,39,49,50,10,12,149,5,50,45,3,2,2,3,2,2,0,0,1,2,22,0
536,2022-05-10,2of12_tue_fri,Tuesday,3,7,34,43,50,5,10,137,3,50,47,3,2,2,3,0,2,0,0,1,2,15,1
537,2022-05-13,2of12_tue_fri,Friday,7,13,30,43,47,7,11,140,7,47,40,4,1,2,3,0,1,1,1,0,2,18,2
538,2022-05-17,2of12_tue_fri,Tuesday,2,13,41,45,50,2,3,151,2,50,48,3,2,2,3,0,1,1,0,0,3,5,1
539,2022-05-20,2of12_tue_fri,Friday,4,22,28,32,47,1,2,133,4,47,43,1,4,2,3,0,1,0,2,1,1,3,1
540,2022-05-24,2of12_tue_fri,Tuesday,25,26,40,45,47,4,5,183,25,47,22,3,2,1,4,1,0,0,2,1,2,9,1
541,2022-05-27,2of12_tue_fri,Friday,8,26,29,41,48,3,5,152,8,48,40,2,3,1,4,0,1,0,2,0,2,8,2
542,2022-05-31,2of12_tue_fri,Tuesday,14,30,37,39,50,4,12,170,14,50,36,2,3,1,4,0,0,1,1,2,1,16,0
543,2022-06-03,2of12_tue_fri,Friday,4,22,27,39,41,1,9,133,4,41,37,3,2,2,3,0,1,0,2,1,1,10,2
544,2022-06-07,2of12_tue_fri,Tuesday,5,7,45,48,49,3,8,154,5,49,44,4,1,2,3,1,2,0,0,0,3,11,1
545,2022-06-10,2of12_tue_fri,Friday,3,21,23,28,46,10,12,121,3,46,43,3,2,3,2,0,1,0,3,0,1,22,0
546,2022-06-14,2of12_tue_fri,Tuesday,11,28,30,35,50,7,8,154,11,50,39,2,3,1,4,0,0,1,2,1,1,15,1
547,2022-06-17,2of12_tue_fri,Friday,1,2,23,43,45,1,9,114,1,45,44,4,1,3,2,1,2,0,1,0,2,10,2
548,2022-06-21,2of12_tue_fri,Tuesday,6,10,17,29,49,2,5,111,6,49,43,3,2,3,2,0,2,1,1,0,1,7,1
549,2022-06-24,2of12_tue_fri,Friday,13,24,30,35,48,4,5,150,13,48,35,2,3,2,3,0,0,1,2,1,1,9,1
550,2022-06-28,2of12_tue_fri,Tuesday,2,10,23,29,50,3,10,114,2,50,48,2,3,3,2,0,2,0,2,0,1,13,1
551,2022-07-01,2of12_tue_fri,Friday,4,10,24,34,35,7,8,107,4,35,31,1,4,3,2,1,2,0,1,2,0,15,1
552,2022-07-05,2of12_tue_fri,Tuesday,7,16,28,36,43,2,11,130,7,43,36,2,3,2,3,0,1,1,1,1,1,13,1
553,2022-07-08,2of12_tue_fri,Friday,6,10,22,30,36,8,10,104,6,36,30,0,5,3,2,0,2,0,2,1,0,18,0
554,2022-07-12,2of12_tue_fri,Tuesday,3,16,26,30,47,1,2,122,3,47,44,2,3,2,3,0,1,1,2,0,1,3,1
555,2022-07-15,2of12_tue_fri,Friday,9,11,16,19,32,3,5,87,9,32,23,3,2,4,1,0,1,3,0,1,0,8,2
556,2022-07-19,2of12_tue_fri,Tuesday,20,23,24,37,43,9,10,147,20,43,23,3,2,3,2,1,0,1,2,1,1,19,1
557,2022-07-22,2of12_tue_fri,Friday,1,11,17,19,33,3,7,81,1,33,32,5,0,4,1,0,1,3,0,1,0,10,2
558,2022-07-26,2of12_tue_fri,Tuesday,1,2,7,24,25,2,5,59,1,25,24,3,2,5,0,2,3,0,2,0,0,7,1
559,2022-07-29,2of12_tue_fri,Friday,14,26,29,46,50,10,11,165,14,50,36,1,4,1,4,0,0,1,2,0,2,21,1
560,2022-08-02,2of12_tue_fri,Tuesday,6,11,39,40,47,7,8,143,6,47,41,3,2,2,3,1,1,1,0,2,1,15,1
561,2022-08-05,2of12_tue_fri,Friday,10,12,17,31,49,2,8,119,10,49,39,3,2,3,2,0,1,2,0,1,1,10,0
562,2022-08-09,2of12_tue_fri,Tuesday,23,26,36,40,44,5,10,169,23,44,21,1,4,1,4,0,0,0,2,2,1,15,1
563,2022-08-12,2of12_tue_fri,Friday,14,32,34,38,46,2,5,164,14,46,32,0,5,1,4,0,0,1,0,3,1,7,1
564,2022-08-16,2of12_tue_fri,Tuesday,4,17,32,34,49,4,9,136,4,49,45,2,3,2,3,0,1,1,0,2,1,13,1
565,2022-08-19,2of12_tue_fri,Friday,4,13,32,39,41,6,8,129,4,41,37,3,2,2,3,0,1,1,0,2,1,14,0
566,2022-08-23,2of12_tue_fri,Tuesday,2,9,18,21,39,4,10,89,2,39,37,3,2,4,1,0,2,1,1,1,0,14,0
567,2022-08-26,2of12_tue_fri,Friday,2,6,18,29,37,10,12,92,2,37,35,2,3,3,2,0,2,1,1,1,0,22,0
568,2022-08-30,2of12_tue_fri,Tuesday,18,27,41,45,49,7,9,180,18,49,31,4,1,1,4,0,0,1,1,0,3,16,2
569,2022-09-02,2of12_tue_fri,Friday,2,5,11,22,24,7,12,64,2,24,22,2,3,5,0,0,2,1,2,0,0,19,1
570,2022-09-06,2of12_tue_fri,Tuesday,6,10,11,20,38,3,9,85,6,38,32,1,4,4,1,1,2,2,0,1,0,12,2
571,2022-09-09,2of12_tue_fri,Friday,9,18,26,41,43,4,9,137,9,43,34,3,2,2,3,0,1,1,1,0,2,13,1
572,2022-09-13,2of12_tue_fri,Tuesday,20,22,26,34,40,8,12,142,20,40,20,0,5,2,3,0,0,1,2,2,0,20,0
573,2022-09-16,2of12_tue_fri,Friday,16,25,27,41,45,3,9,154,16,45,29,4,1,2,3,0,0,1,2,0,2,12,2
574,2022-09-20,2of12_tue_fri,Tuesday,2,13,22,36,40,3,5,113,2,40,38,1,4,3,2,0,1,1,1,2,0,8,2
575,2022-09-23,2of12_tue_fri,Friday,20,30,38,39,44,2,12,171,20,44,24,1,4,1,4,1,0,1,1,2,1,14,0
576,2022-09-27,2of12_tue_fri,Tuesday,15,23,26,31,44,1,8,139,15,44,29,3,2,2,3,0,0,1,2,1,1,9,1
577,2022-09-30,2of12_tue_fri,Friday,8,12,15,17,46,1,8,98,8,46,38,2,3,4,1,0,1,3,0,0,1,9,1
578,2022-10-04,2of12_tue_fri,Tuesday,17,42,43,48,49,3,7,199,17,49,32,3,2,1,4,2,0,1,0,0,4,10,2
579,2022-10-07,2of12_tue_fri,Friday,16,17,26,30,35,3,9,124,16,35,19,2,3,2,3,1,0,2,2,1,0,12,2
580,2022-10-11,2of12_tue_fri,Tuesday,7,35,36,39,47,3,8,164,7,47,40,4,1,1,4,1,1,0,0,3,1,11,1
581,2022-10-14,2of12_tue_fri,Friday,3,5,8,10,44,7,12,70,3,44,41,2,3,4,1,0,4,0,0,0,1,19,1
582,2022-10-18,2of12_tue_fri,Tuesday,13,18,24,34,50,5,6,139,13,50,37,1,4,3,2,0,0,2,1,1,1,11,1
583,2022-10-21,2of12_tue_fri,Friday,2,11,18,47,49,2,7,127,2,49,47,3,2,3,2,0,1,2,0,0,2,9,1
584,2022-10-25,2of12_tue_fri,Tuesday,17,26,35,37,39,3,4,154,17,39,22,4,1,1,4,0,0,1,1,3,0,7,1
585,2022-10-28,2of12_tue_fri,Friday,4,5,21,30,43,5,11,103,4,43,39,3,2,3,2,1,2,0,2,0,1,16,2
586,2022-11-01,2of12_tue_fri,Tuesday,18,32,39,42,44,4,7,175,18,44,26,1,4,1,4,0,0,1,0,2,2,11,1
587,2022-11-04,2of12_tue_fri,Friday,7,9,40,48,49,7,8,153,7,49,42,3,2,2,3,1,2,0,0,1,2,15,1
588,2022-11-08,2of12_tue_fri,Tuesday,15,17,23,35,38,4,9,128,15,38,23,4,1,3,2,0,0,2,1,2,0,13,1
589,2022-11-11,2of12_tue_fri,Friday,11,15,24,28,41,3,12,119,11,41,30,3,2,3,2,0,0,2,2,0,1,15,1
590,2022-11-15,2of12_tue_fri,Tuesday,1,7,11,33,48,9,12,100,1,48,47,4,1,3,2,0,2,1,0,1,1,21,1
591,2022-11-18,2of12_tue_fri,Friday,13,14,25,28,42,11,12,122,13,42,29,2,3,3,2,1,0,2,2,0,1,23,1
592,2022-11-22,2of12_tue_fri,Tuesday,11,20,23,37,46,9,11,137,11,46,35,3,2,3,2,0,0,2,1,1,1,20,2
593,2022-11-25,2of12_tue_fri,Friday,4,6,8,42,48,6,11,108,4,48,44,0,5,3,2,0,3,0,0,0,2,17,1
594,2022-11-29,2of12_tue_fri,Tuesday,9,16,32,37,46,7,12,140,9,46,37,2,3,2,3,0,1,1,0,2,1,19,1
595,2022-12-02,2of12_tue_fri,Friday,6,12,25,48,49,11,12,140,6,49,43,2,3,3,2,1,1,1,1,0,2,23,1
596,2022-12-06,2of12_tue_fri,Tuesday,8,12,37,44,47,7,10,148,8,47,39,2,3,2,3,0,1,1,0,1,2,17,1
597,2022-12-09,2of12_tue_fri,Friday,6,8,13,21,32,3,6,80,6,32,26,2,3,4,1,0,2,1,1,1,0,9,1
598,2022-12-13,2of12_tue_fri,Tuesday,3,13,33,36,47,3,11,132,3,47,44,4,1,2,3,0,1,1,0,2,1,14,2
599,2022-12-16,2of12_tue_fri,Friday,9,14,15,20,47,8,12,105,9,47,38,3,2,4,1,1,1,3,0,0,1,20,0
600,2022-12-20,2of12_tue_fri,Tuesday,6,11,26,43,49,5,8,135,6,49,43,3,2,2,3,0,1,1,1,0,2,13,1
601,2022-12-23,2of12_tue_fri,Friday,9,34,35,42,44,6,11,164,9,44,35,2,3,1,4,1,1,0,0,2,2,17,1
602,2022-12-27,2of12_tue_fri,Tuesday,28,33,34,37,44,4,11,176,28,44,16,2,3,0,5,1,0,0,1,3,1,15,1
603,2022-12-30,2of12_tue_fri,Friday,3,37,45,47,50,5,10,182,3,50,47,4,1,1,4,0,1,0,0,1,3,15,1
604,2023-01-03,2of12_tue_fri,Tuesday,28,29,31,37,50,4,5,175,28,50,22,3,2,0,5,1,0,0,2,2,1,9,1
605,2023-01-06,2of12_tue_fri,Friday,14,28,31,47,50,7,12,170,14,50,36,2,3,1,4,0,0,1,1,1,2,19,1
606,2023-01-10,2of12_tue_fri,Tuesday,9,16,27,41,45,1,4,138,9,45,36,4,1,2,3,0,1,1,1,0,2,5,1
607,2023-01-13,2of12_tue_fri,Friday,7,14,34,41,49,4,9,145,7,49,42,3,2,2,3,0,1,1,0,1,2,13,1
608,2023-01-17,2of12_tue_fri,Tuesday,6,11,16,35,44,2,6,112,6,44,38,2,3,3,2,0,1,2,0,1,1,8,0
609,2023-01-20,2of12_tue_fri,Friday,1,12,15,31,47,9,10,106,1,47,46,4,1,3,2,0,1,2,0,1,1,19,1
610,2023-01-24,2of12_tue_fri,Tuesday,9,16,17,27,31,1,9,100,9,31,22,4,1,3,2,1,1,2,1,1,0,10,2
611,2023-01-27,2of12_tue_fri,Friday,4,9,29,34,37,3,12,113,4,37,33,3,2,2,3,0,2,0,1,2,0,15,1
612,2023-01-31,2of12_tue_fri,Tuesday,20,21,30,41,43,10,11,155,20,43,23,3,2,2,3,1,0,1,2,0,2,21,1
613,2023-02-03,2of12_tue_fri,Friday,1,7,17,44,50,2,10,119,1,50,49,3,2,3,2,0,2,1,0,0,2,12,0
614,2023-02-07,2of12_tue_fri,Tuesday,10,15,25,37,46,7,12,133,10,46,36,3,2,3,2,0,1,1,1,1,1,19,1
615,2023-02-10,2of12_tue_fri,Friday,3,10,20,36,42,8,10,111,3,42,39,1,4,3,2,0,2,1,0,1,1,18,0
616,2023-02-14,2of12_tue_fri,Tuesday,1,2,6,14,45,2,7,68,1,45,44,2,3,4,1,1,3,1,0,0,1,9,1
617,2023-02-17,2of12_tue_fri,Friday,5,12,15,21,39,3,4,92,5,39,34,4,1,4,1,0,1,2,1,1,0,7,1
618,2023-02-21,2of12_tue_fri,Tuesday,13,20,34,38,43,3,6,148,13,43,30,2,3,2,3,0,0,2,0,2,1,9,1
619,2023-02-24,2of12_tue_fri,Friday,1,5,12,18,20,6,7,56,1,20,19,2,3,5,0,0,2,3,0,0,0,13,1
620,2023-02-28,2of12_tue_fri,Tuesday,6,20,27,38,49,3,9,140,6,49,43,2,3,2,3,0,1,1,1,1,1,12,2
621,2023-03-03,2of12_tue_fri,Friday,1,18,37,46,48,3,7,150,1,48,47,2,3,2,3,0,1,1,0,1,2,10,2
622,2023-03-07,2of12_tue_fri,Tuesday,4,11,12,16,42,3,5,85,4,42,38,1,4,4,1,1,1,3,0,0,1,8,2
623,2023-03-10,2of12_tue_fri,Friday,6,17,22,39,46,5,12,130,6,46,40,2,3,3,2,0,1,1,1,1,1,17,1
624,2023-03-14,2of12_tue_fri,Tuesday,9,16,32,34,48,2,6,139,9,48,39,1,4,2,3,0,1,1,0,2,1,8,0
625,2023-03-17,2of12_tue_fri,Friday,5,18,21,29,45,1,6,118,5,45,40,4,1,3,2,0,1,1,2,0,1,7,1
626,2023-03-21,2of12_tue_fri,Tuesday,8,13,16,44,47,6,8,128,8,47,39,2,3,3,2,0,1,2,0,0,2,14,0
627,2023-03-24,2of12_tue_fri,Friday,6,21,23,26,43,3,9,119,6,43,37,3,2,3,2,0,1,0,3,0,1,12,2
628,2023-03-28,2of12_tue_fri,Tuesday,6,12,36,37,44,1,11,135,6,44,38,1,4,2,3,1,1,1,0,2,1,12,2
629,2023-03-31,2of12_tue_fri,Friday,10,11,31,37,44,5,12,133,10,44,34,3,2,2,3,1,1,1,0,2,1,17,1
630,2023-04-04,2of12_tue_fri,Tuesday,1,15,19,24,33,7,8,92,1,33,32,4,1,4,1,0,1,2,1,1,0,15,1
631,2023-04-07,2of12_tue_fri,Friday,16,28,32,36,48,5,10,160,16,48,32,0,5,1,4,0,0,1,1,2,1,15,1
632,2023-04-11,2of12_tue_fri,Tuesday,5,19,33,37,42,7,9,136,5,42,37,4,1,2,3,0,1,1,0,2,1,16,2
633,2023-04-14,2of12_tue_fri,Friday,7,11,20,21,29,6,11,88,7,29,22,4,1,4,1,1,1,2,2,0,0,17,1
634,2023-04-18,2of12_tue_fri,Tuesday,16,28,31,35,42,2,10,152,16,42,26,2,3,1,4,0,0,1,1,2,1,12,0
635,2023-04-21,2of12_tue_fri,Friday,5,13,16,41,45,3,6,120,5,45,40,4,1,3,2,0,1,2,0,0,2,9,1
636,2023-04-25,2of12_tue_fri,Tuesday,12,21,24,28,40,1,3,125,12,40,28,1,4,3,2,0,0,1,3,1,0,4,2
637,2023-04-28,2of12_tue_fri,Friday,4,8,9,30,35,6,7,86,4,35,31,2,3,3,2,1,3,0,1,1,0,13,1
638,2023-05-02,2of12_tue_fri,Tuesday,11,12,13,23,26,11,12,85,11,26,15,3,2,4,1,2,0,3,2,0,0,23,1
639,2023-05-05,2of12_tue_fri,Friday,17,18,30,33,35,6,8,133,17,35,18,3,2,2,3,1,0,2,1,2,0,14,0
640,2023-05-09,2of12_tue_fri,Tuesday,6,11,29,34,39,2,3,119,6,39,33,3,2,2,3,0,1,1,1,2,0,5,1
641,2023-05-12,2of12_tue_fri,Friday,10,27,30,32,34,5,8,133,10,34,24,1,4,1,4,0,1,0,2,2,0,13,1
642,2023-05-16,2of12_tue_fri,Tuesday,28,30,31,45,46,4,8,180,28,46,18,2,3,0,5,2,0,0,2,1,2,12,0
643,2023-05-19,2of12_tue_fri,Friday,1,5,8,20,35,3,12,69,1,35,34,3,2,4,1,0,3,1,0,1,0,15,1
644,2023-05-23,2of12_tue_fri,Tuesday,1,2,11,14,36,2,3,64,1,36,35,2,3,4,1,1,2,2,0,1,0,5,1
645,2023-05-26,2of12_tue_fri,Friday,1,3,29,45,47,5,8,125,1,47,46,5,0,2,3,0,2,0,1,0,2,13,1
646,2023-05-30,2of12_tue_fri,Tuesday,2,8,16,21,39,4,5,86,2,39,37,2,3,4,1,0,2,1,1,1,0,9,1
647,2023-06-02,2of12_tue_fri,Friday,8,9,11,13,50,6,11,91,8,50,42,3,2,4,1,1,2,2,0,0,1,17,1
648,2023-06-06,2of12_tue_fri,Tuesday,5,7,21,22,29,3,10,84,5,29,24,4,1,4,1,1,2,0,3,0,0,13,1
649,2023-06-09,2of12_tue_fri,Friday,8,13,24,35,46,6,8,126,8,46,38,2,3,3,2,0,1,1,1,1,1,14,0
650,2023-06-13,2of12_tue_fri,Tuesday,11,29,32,46,47,5,7,165,11,47,36,3,2,1,4,1,0,1,1,1,2,12,2
651,2023-06-16,2of12_tue_fri,Friday,5,19,33,36,42,7,12,135,5,42,37,3,2,2,3,0,1,1,0,2,1,19,1
652,2023-06-20,2of12_tue_fri,Tuesday,9,18,30,34,48,1,7,139,9,48,39,1,4,2,3,0,1,1,1,1,1,8,2
653,2023-06-23,2of12_tue_fri,Friday,2,3,18,23,39,6,8,85,2,39,37,3,2,4,1,1,2,1,1,1,0,14,0
654,2023-06-27,2of12_tue_fri,Tuesday,7,10,13,34,47,5,9,111,7,47,40,3,2,3,2,0,2,1,0,1,1,14,2
655,2023-06-30,2of12_tue_fri,Friday,3,14,23,41,43,2,6,124,3,43,40,4,1,3,2,0,1,1,1,0,2,8,0
656,2023-07-04,2of12_tue_fri,Tuesday,19,21,23,36,39,5,12,138,19,39,20,4,1,3,2,0,0,1,2,2,0,17,1
657,2023-07-07,2of12_tue_fri,Friday,9,18,20,40,41,3,9,128,9,41,32,2,3,3,2,1,1,2,0,1,1,12,2
658,2023-07-11,2of12_tue_fri,Tuesday,11,15,17,24,46,2,11,113,11,46,35,3,2,4,1,0,0,3,1,0,1,13,1
659,2023-07-14,2of12_tue_fri,Friday,2,4,12,31,50,6,8,99,2,50,48,1,4,3,2,0,2,1,0,1,1,14,0
660,2023-07-18,2of12_tue_fri,Tuesday,14,16,24,40,43,1,5,137,14,43,29,1,4,3,2,0,0,2,1,1,1,6,2
661,2023-07-21,2of12_tue_fri,Friday,7,16,22,38,41,5,9,124,7,41,34,2,3,3,2,0,1,1,1,1,1,14,2
662,2023-07-25,2of12_tue_fri,Tuesday,3,9,11,20,39,2,3,82,3,39,36,4,1,4,1,0,2,2,0,1,0,5,1
663,2023-07-28,2of12_tue_fri,Friday,10,16,34,36,49,3,7,145,10,49,39,1,4,2,3,0,1,1,0,2,1,10,2
664,2023-08-01,2of12_tue_fri,Tuesday,2,9,38,40,44,5,11,133,2,44,42,1,4,2,3,0,2,0,0,2,1,16,2
665,2023-08-04,2of12_tue_fri,Friday,3,17,19,32,38,6,7,109,3,38,35,3,2,3,2,0,1,2,0,2,0,13,1
666,2023-08-08,2of12_tue_fri,Tuesday,6,12,25,31,37,6,9,111,6,37,31,3,2,3,2,0,1,1,1,2,0,15,1
667,2023-08-11,2of12_tue_fri,Friday,1,35,36,38,39,3,10,149,1,39,38,3,2,1,4,2,1,0,0,4,0,13,1
668,2023-08-15,2of12_tue_fri,Tuesday,12,21,23,26,41,5,6,123,12,41,29,3,2,3,2,0,0,1,3,0,1,11,1
669,2023-08-18,2of12_tue_fri,Friday,2,16,22,28,46,4,8,114,2,46,44,0,5,3,2,0,1,1,2,0,1,12,0
670,2023-08-22,2of12_tue_fri,Tuesday,8,40,41,46,47,3,11,182,8,47,39,2,3,1,4,2,1,0,0,1,3,14,2
671,2023-08-25,2of12_tue_fri,Friday,2,5,11,27,38,10,12,83,2,38,36,3,2,3,2,0,2,1,1,1,0,22,0
672,2023-08-29,2of12_tue_fri,Tuesday,14,18,20,39,42,6,9,133,14,42,28,1,4,3,2,0,0,3,0,1,1,15,1
673,2023-09-01,2of12_tue_fri,Friday,1,13,16,23,27,10,11,80,1,27,26,4,1,4,1,0,1,2,2,0,0,21,1
674,2023-09-05,2of12_tue_fri,Tuesday,9,11,13,15,25,4,9,73,9,25,16,5,0,5,0,0,1,3,1,0,0,13,1
675,2023-09-08,2of12_tue_fri,Friday,21,29,31,46,49,5,6,176,21,49,28,4,1,1,4,0,0,0,2,1,2,11,1
676,2023-09-12,2of12_tue_fri,Tuesday,5,13,43,45,50,1,10,156,5,50,45,4,1,2,3,0,1,1,0,0,3,11,1
677,2023-09-15,2of12_tue_fri,Friday,3,8,10,31,36,2,3,88,3,36,33,2,3,3,2,0,3,0,0,2,0,5,1
678,2023-09-19,2of12_tue_fri,Tuesday,8,18,26,38,39,4,12,129,8,39,31,1,4,2,3,1,1,1,1,2,0,16,0
679,2023-09-22,2of12_tue_fri,Friday,14,24,31,44,45,7,11,158,14,45,31,2,3,2,3,1,0,1,1,1,2,18,2
680,2023-09-26,2of12_tue_fri,Tuesday,23,24,38,42,44,1,10,171,23,44,21,1,4,2,3,1,0,0,2,1,2,11,1
681,2023-09-29,2of12_tue_fri,Friday,14,24,29,45,48,3,9,160,14,48,34,2,3,2,3,0,0,1,2,0,2,12,2
682,2023-10-03,2of12_tue_fri,Tuesday,13,28,29,31,47,8,9,148,13,47,34,4,1,1,4,1,0,1,2,1,1,17,1
683,2023-10-06,2of12_tue_fri,Friday,17,18,40,43,50,9,11,168,17,50,33,2,3,2,3,1,0,2,0,1,2,20,2
684,2023-10-10,2of12_tue_fri,Tuesday,7,8,12,21,43,4,11,91,7,43,36,3,2,4,1,1,2,1,1,0,1,15,1
685,2023-10-13,2of12_tue_fri,Friday,16,23,30,37,41,2,9,147,16,41,25,3,2,2,3,0,0,1,2,1,1,11,1
686,2023-10-17,2of12_tue_fri,Tuesday,6,8,42,49,50,3,5,155,6,50,44,1,4,2,3,1,2,0,0,0,3,8,2
687,2023-10-20,2of12_tue_fri,Friday,11,16,22,34,46,2,5,129,11,46,35,1,4,3,2,0,0,2,1,1,1,7,1
688,2023-10-24,2of12_tue_fri,Tuesday,5,14,35,40,47,1,3,141,5,47,42,3,2,2,3,0,1,1,0,2,1,4,2
689,2023-10-27,2of12_tue_fri,Friday,6,13,15,20,40,2,8,94,6,40,34,2,3,4,1,0,1,3,0,1,0,10,0
690,2023-10-31,2of12_tue_fri,Tuesday,6,15,21,34,48,1,5,124,6,48,42,2,3,3,2,0,1,1,1,1,1,6,2
691,2023-11-03,2of12_tue_fri,Friday,6,21,23,31,39,1,5,120,6,39,33,4,1,3,2,0,1,0,2,2,0,6,2
692,2023-11-07,2of12_tue_fri,Tuesday,26,36,43,47,49,4,7,201,26,49,23,3,2,0,5,0,0,0,1,1,3,11,1
693,2023-11-10,2of12_tue_fri,Friday,1,17,22,29,31,5,6,100,1,31,30,4,1,3,2,0,1,1,2,1,0,11,1
694,2023-11-14,2of12_tue_fri,Tuesday,9,30,34,38,48,2,3,159,9,48,39,1,4,1,4,0,1,0,1,2,1,5,1
695,2023-11-17,2of12_tue_fri,Friday,4,14,15,20,28,7,9,81,4,28,24,1,4,4,1,1,1,3,1,0,0,16,2
696,2023-11-21,2of12_tue_fri,Tuesday,9,20,21,22,38,3,12,110,9,38,29,2,3,4,1,2,1,1,2,1,0,15,1
697,2023-11-24,2of12_tue_fri,Friday,16,27,33,34,39,2,7,149,16,39,23,3,2,1,4,1,0,1,1,3,0,9,1
698,2023-11-28,2of12_tue_fri,Tuesday,11,12,13,23,36,3,8,95,11,36,25,3,2,4,1,2,0,3,1,1,0,11,1
699,2023-12-01,2of12_tue_fri,Friday,23,32,38,45,49,1,9,187,23,49,26,3,2,1,4,0,0,0,1,2,2,10,2
700,2023-12-05,2of12_tue_fri,Tuesday,6,11,16,26,49,2,9,108,6,49,43,2,3,3,2,0,1,2,1,0,1,11,1
701,2023-12-08,2of12_tue_fri,Friday,2,8,28,32,37,3,6,107,2,37,35,1,4,2,3,0,2,0,1,2,0,9,1
702,2023-12-12,2of12_tue_fri,Tuesday,2,8,20,34,40,9,12,104,2,40,38,0,5,3,2,0,2,1,0,2,0,21,1
703,2023-12-15,2of12_tue_fri,Friday,7,15,17,18,39,1,10,96,7,39,32,4,1,4,1,1,1,3,0,1,0,11,1
704,2023-12-19,2of12_tue_fri,Tuesday,4,6,17,31,45,6,12,103,4,45,41,3,2,3,2,0,2,1,0,1,1,18,0
705,2023-12-22,2of12_tue_fri,Friday,4,6,12,31,38,2,12,91,4,38,34,1,4,3,2,0,2,1,0,2,0,14,0
706,2023-12-26,2of12_tue_fri,Tuesday,4,13,16,22,27,1,10,82,4,27,23,2,3,4,1,0,1,2,2,0,0,11,1
707,2023-12-29,2of12_tue_fri,Friday,2,21,34,40,48,2,6,145,2,48,46,1,4,2,3,0,1,0,1,2,1,8,0
708,2024-01-02,2of12_tue_fri,Tuesday,19,26,36,48,49,10,11,178,19,49,30,2,3,1,4,1,0,1,1,1,2,21,1
709,2024-01-05,2of12_tue_fri,Friday,11,30,32,45,47,3,10,165,11,47,36,3,2,1,4,0,0,1,1,1,2,13,1
710,2024-01-09,2of12_tue_fri,Tuesday,9,12,26,41,47,7,10,135,9,47,38,3,2,2,3,0,1,1,1,0,2,17,1
711,2024-01-12,2of12_tue_fri,Friday,3,31,34,43,45,6,9,156,3,45,42,4,1,1,4,0,1,0,0,2,2,15,1
712,2024-01-16,2of12_tue_fri,Tuesday,6,19,32,39,42,4,9,138,6,42,36,2,3,2,3,0,1,1,0,2,1,13,1
713,2024-01-19,2of12_tue_fri,Friday,10,12,18,33,47,7,10,120,10,47,37,2,3,3,2,0,1,2,0,1,1,17,1
714,2024-01-23,2of12_tue_fri,Tuesday,9,18,20,32,39,5,8,118,9,39,30,2,3,3,2,0,1,2,0,2,0,13,1
715,2024-01-26,2of12_tue_fri,Friday,18,23,35,37,41,6,7,154,18,41,23,4,1,2,3,0,0,1,1,2,1,13,1
716,2024-01-30,2of12_tue_fri,Tuesday,10,12,15,46,48,9,11,131,10,48,38,1,4,3,2,0,1,2,0,0,2,20,2
717,2024-02-02,2of12_tue_fri,Friday,13,17,21,30,39,8,11,120,13,39,26,4,1,3,2,0,0,2,2,1,0,19,1
718,2024-02-06,2of12_tue_fri,Tuesday,16,19,20,26,44,1,4,125,16,44,28,1,4,3,2,1,0,3,1,0,1,5,1
719,2024-02-09,2of12_tue_fri,Friday,4,10,11,20,22,7,10,67,4,22,18,1,4,5,0,1,2,2,1,0,0,17,1
720,2024-02-13,2of12_tue_fri,Tuesday,7,20,22,45,48,10,12,142,7,48,41,2,3,3,2,0,1,1,1,0,2,22,0
721,2024-02-16,2of12_tue_fri,Friday,7,11,17,18,34,3,5,87,7,34,27,3,2,4,1,1,1,3,0,1,0,8,2
722,2024-02-20,2of12_tue_fri,Tuesday,1,3,11,15,30,4,10,60,1,30,29,4,1,4,1,0,2,2,1,0,0,14,0
723,2024-02-23,2of12_tue_fri,Friday,10,19,22,37,41,2,6,129,10,41,31,3,2,3,2,0,1,1,1,1,1,8,0
724,2024-02-27,2of12_tue_fri,Tuesday,15,17,30,38,49,1,11,149,15,49,34,3,2,2,3,0,0,2,1,1,1,12,2
725,2024-03-01,2of12_tue_fri,Friday,13,26,30,34,41,3,7,144,13,41,28,2,3,1,4,0,0,1,2,1,1,10,2
726,2024-03-05,2of12_tue_fri,Tuesday,2,20,30,31,40,8,12,123,2,40,38,1,4,2,3,1,1,1,1,2,0,20,0
727,2024-03-08,2of12_tue_fri,Friday,2,11,17,23,49,4,12,102,2,49,47,4,1,4,1,0,1,2,1,0,1,16,0
728,2024-03-12,2of12_tue_fri,Tuesday,2,8,11,16,20,4,10,57,2,20,18,1,4,5,0,0,2,3,0,0,0,14,0
729,2024-03-15,2of12_tue_fri,Friday,16,20,25,30,49,3,10,140,16,49,33,2,3,3,2,0,0,2,2,0,1,13,1
730,2024-03-19,2of12_tue_fri,Tuesday,1,20,28,32,49,3,10,130,1,49,48,2,3,2,3,0,1,1,1,1,1,13,1
731,2024-03-22,2of12_tue_fri,Friday,5,17,36,37,50,3,7,145,5,50,45,3,2,2,3,1,1,1,0,2,1,10,2
732,2024-03-26,2of12_tue_fri,Tuesday,12,15,17,30,32,1,6,106,12,32,20,2,3,3,2,0,0,3,1,1,0,7,1
733,2024-03-29,2of12_tue_fri,Friday,7,11,30,31,39,5,10,118,7,39,32,4,1,2,3,1,1,1,1,2,0,15,1
734,2024-04-02,2of12_tue_fri,Tuesday,14,17,29,32,45,1,2,137,14,45,31,3,2,2,3,0,0,2,1,1,1,3,1
735,2024-04-05,2of12_tue_fri,Friday,5,8,16,30,37,1,10,96,5,37,32,2,3,3,2,0,2,1,1,1,0,11,1
736,2024-04-09,2of12_tue_fri,Tuesday,1,7,21,27,43,1,3,99,1,43,42,5,0,3,2,0,2,0,2,0,1,4,2
737,2024-04-12,2of12_tue_fri,Friday,1,34,39,47,49,1,12,170,1,49,48,4,1,1,4,0,1,0,0,2,2,13,1
738,2024-04-16,2of12_tue_fri,Tuesday,35,36,37,41,48,1,12,197,35,48,13,3,2,0,5,2,0,0,0,3,2,13,1
739,2024-04-19,2of12_tue_fri,Friday,8,14,21,34,36,1,2,113,8,36,28,1,4,3,2,0,1,1,1,2,0,3,1
740,2024-04-23,2of12_tue_fri,Tuesday,2,3,6,15,35,1,3,61,2,35,33,3,2,4,1,1,3,1,0,1,0,4,2
741,2024-04-26,2of12_tue_fri,Friday,3,18,23,29,47,5,12,120,3,47,44,4,1,3,2,0,1,1,2,0,1,17,1
742,2024-04-30,2of12_tue_fri,Tuesday,4,20,33,37,45,8,9,139,4,45,41,3,2,2,3,0,1,1,0,2,1,17,1
743,2024-05-03,2of12_tue_fri,Friday,9,17,36,40,45,5,7,147,9,45,36,3,2,2,3,0,1,1,0,2,1,12,2
744,2024-05-07,2of12_tue_fri,Tuesday,3,11,32,33,35,3,11,114,3,35,32,4,1,2,3,1,1,1,0,3,0,14,2
745,2024-05-10,2of12_tue_fri,Friday,28,31,39,45,49,8,11,192,28,49,21,4,1,0,5,0,0,0,1,2,2,19,1
746,2024-05-14,2of12_tue_fri,Tuesday,19,22,23,24,27,1,6,115,19,27,8,3,2,4,1,2,0,1,4,0,0,7,1
747,2024-05-17,2of12_tue_fri,Friday,1,2,29,36,48,1,11,116,1,48,47,2,3,2,3,1,2,0,1,1,1,12,2
748,2024-05-21,2of12_tue_fri,Tuesday,7,23,31,33,38,10,11,132,7,38,31,4,1,2,3,0,1,0,1,3,0,21,1
749,2024-05-24,2of12_tue_fri,Friday,2,3,4,21,45,6,12,75,2,45,43,3,2,4,1,2,3,0,1,0,1,18,0
750,2024-05-28,2of12_tue_fri,Tuesday,13,26,27,35,46,3,4,147,13,46,33,3,2,1,4,1,0,1,2,1,1,7,1
751,2024-05-31,2of12_tue_fri,Friday,4,23,34,39,45,6,7,145,4,45,41,3,2,2,3,0,1,0,1,2,1,13,1
752,2024-06-04,2of12_tue_fri,Tuesday,1,3,24,43,49,2,4,120,1,49,48,4,1,3,2,0,2,0,1,0,2,6,0
753,2024-06-07,2of12_tue_fri,Friday,8,15,29,37,45,5,10,134,8,45,37,4,1,2,3,0,1,1,1,1,1,15,1
754,2024-06-11,2of12_tue_fri,Tuesday,4,12,16,29,31,1,9,92,4,31,27,2,3,3,2,0,1,2,1,1,0,10,2
755,2024-06-14,2of12_tue_fri,Friday,10,21,27,42,46,2,6,146,10,46,36,2,3,2,3,0,1,0,2,0,2,8,0
756,2024-06-18,2of12_tue_fri,Tuesday,4,10,23,24,45,7,8,106,4,45,41,2,3,4,1,1,2,0,2,0,1,15,1
757,2024-06-21,2of12_tue_fri,Friday,2,22,24,30,40,5,6,118,2,40,38,0,5,3,2,0,1,0,3,1,0,11,1
758,2024-06-25,2of12_tue_fri,Tuesday,8,14,25,31,45,3,12,123,8,45,37,3,2,3,2,0,1,1,1,1,1,15,1
759,2024-06-28,2of12_tue_fri,Friday,1,8,30,43,45,10,12,127,1,45,44,3,2,2,3,0,2,0,1,0,2,22,0
760,2024-07-02,2of12_tue_fri,Tuesday,10,29,30,32,40,6,12,141,10,40,30,1,4,1,4,1,1,0,2,2,0,18,0
761,2024-07-05,2of12_tue_fri,Friday,4,11,16,25,32,1,11,88,4,32,28,2,3,4,1,0,1,2,1,1,0,12,2
762,2024-07-09,2of12_tue_fri,Tuesday,5,14,25,26,44,8,10,114,5,44,39,2,3,3,2,1,1,1,2,0,1,18,0
763,2024-07-12,2of12_tue_fri,Friday,2,14,30,32,34,3,4,112,2,34,32,0,5,2,3,0,1,1,1,2,0,7,1
764,2024-07-16,2of12_tue_fri,Tuesday,8,22,27,36,43,5,8,136,8,43,35,2,3,2,3,0,1,0,2,1,1,13,1
765,2024-07-19,2of12_tue_fri,Friday,13,18,22,26,32,10,11,111,13,32,19,1,4,3,2,0,0,2,2,1,0,21,1
766,2024-07-23,2of12_tue_fri,Tuesday,9,13,21,24,38,6,12,105,9,38,29,3,2,4,1,0,1,1,2,1,0,18,0
767,2024-07-26,2of12_tue_fri,Friday,7,11,22,26,46,5,11,112,7,46,39,2,3,3,2,0,1,1,2,0,1,16,2
768,2024-07-30,2of12_tue_fri,Tuesday,2,16,30,31,49,2,5,128,2,49,47,2,3,2,3,1,1,1,1,1,1,7,1
769,2024-08-02,2of12_tue_fri,Friday,14,20,26,30,31,1,2,121,14,31,17,1,4,2,3,1,0,2,2,1,0,3,1
770,2024-08-06,2of12_tue_fri,Tuesday,4,9,22,32,35,9,10,102,4,35,31,2,3,3,2,0,2,0,1,2,0,19,1
771,2024-08-09,2of12_tue_fri,Friday,15,18,25,29,35,1,5,122,15,35,20,4,1,3,2,0,0,2,2,1,0,6,2
772,2024-08-13,2of12_tue_fri,Tuesday,6,9,33,34,50,1,7,132,6,50,44,2,3,2,3,1,2,0,0,2,1,8,2
773,2024-08-16,2of12_tue_fri,Friday,4,11,16,46,50,1,3,127,4,50,46,1,4,3,2,0,1,2,0,0,2,4,2
774,2024-08-20,2of12_tue_fri,Tuesday,25,28,29,31,33,6,12,146,25,33,8,4,1,1,4,1,0,0,3,2,0,18,0
775,2024-08-23,2of12_tue_fri,Friday,13,21,22,26,48,2,7,130,13,48,35,2,3,3,2,1,0,1,3,0,1,9,1
776,2024-08-27,2of12_tue_fri,Tuesday,15,24,29,33,39,2,9,140,15,39,24,4,1,2,3,0,0,1,2,2,0,11,1
777,2024-08-30,2of12_tue_fri,Friday,8,11,25,31,48,11,12,123,8,48,40,3,2,3,2,0,1,1,1,1,1,23,1
778,2024-09-03,2of12_tue_fri,Tuesday,5,17,23,36,37,5,9,118,5,37,32,4,1,3,2,1,1,1,1,2,0,14,2
779,2024-09-06,2of12_tue_fri,Friday,7,11,27,42,45,3,10,132,7,45,38,4,1,2,3,0,1,1,1,0,2,13,1
780,2024-09-10,2of12_tue_fri,Tuesday,7,10,31,41,46,1,5,135,7,46,39,3,2,2,3,0,2,0,0,1,2,6,2
781,2024-09-13,2of12_tue_fri,Friday,2,3,17,40,44,4,8,106,2,44,42,2,3,3,2,1,2,1,0,1,1,12,0
782,2024-09-17,2of12_tue_fri,Tuesday,1,3,13,24,44,11,12,85,1,44,43,3,2,4,1,0,2,1,1,0,1,23,1
783,2024-09-20,2of12_tue_fri,Friday,9,17,19,26,39,4,10,110,9,39,30,4,1,3,2,0,1,2,1,1,0,14,0
784,2024-09-24,2of12_tue_fri,Tuesday,3,13,34,41,43,1,5,134,3,43,40,4,1,2,3,0,1,1,0,1,2,6,2
785,2024-09-27,2of12_tue_fri,Friday,6,15,25,29,41,1,3,116,6,41,35,4,1,3,2,0,1,1,2,0,1,4,2
786,2024-10-01,2of12_tue_fri,Tuesday,17,37,42,45,50,6,7,191,17,50,33,3,2,1,4,0,0,1,0,1,3,13,1
787,2024-10-04,2of12_tue_fri,Friday,4,16,27,34,44,4,7,125,4,44,40,1,4,2,3,0,1,1,1,1,1,11,1
788,2024-10-08,2of12_tue_fri,Tuesday,13,29,42,44,48,2,8,176,13,48,35,2,3,1,4,0,0,1,1,0,3,10,0
789,2024-10-11,2of12_tue_fri,Friday,8,11,23,44,45,10,12,131,8,45,37,3,2,3,2,1,1,1,1,0,2,22,0
790,2024-10-15,2of12_tue_fri,Tuesday,9,20,38,44,45,4,12,156,9,45,36,2,3,2,3,1,1,1,0,1,2,16,0
791,2024-10-18,2of12_tue_fri,Friday,2,4,23,30,40,4,10,99,2,40,38,1,4,3,2,0,2,0,2,1,0,14,0
792,2024-10-22,2of12_tue_fri,Tuesday,4,32,36,38,47,3,9,157,4,47,43,1,4,1,4,0,1,0,0,3,1,12,2
793,2024-10-25,2of12_tue_fri,Friday,2,19,36,42,50,4,9,149,2,50,48,1,4,2,3,0,1,1,0,1,2,13,1
794,2024-10-29,2of12_tue_fri,Tuesday,3,17,26,30,49,1,10,125,3,49,46,3,2,2,3,0,1,1,2,0,1,11,1
795,2024-11-01,2of12_tue_fri,Friday,13,21,27,28,41,1,3,130,13,41,28,4,1,2,3,1,0,1,3,0,1,4,2
796,2024-11-05,2of12_tue_fri,Tuesday,22,29,36,38,43,1,6,168,22,43,21,2,3,1,4,0,0,0,2,2,1,7,1
797,2024-11-08,2of12_tue_fri,Friday,6,23,38,42,45,9,12,154,6,45,39,2,3,2,3,0,1,0,1,1,2,21,1
798,2024-11-12,2of12_tue_fri,Tuesday,2,3,34,38,49,10,11,126,2,49,47,2,3,2,3,1,2,0,0,2,1,21,1
799,2024-11-15,2of12_tue_fri,Friday,27,31,35,46,50,3,10,189,27,50,23,3,2,0,5,0,0,0,1,2,2,13,1
800,2024-11-19,2of12_tue_fri,Tuesday,4,7,19,26,27,4,5,83,4,27,23,3,2,3,2,1,2,1,2,0,0,9,1
801,2024-11-22,2of12_tue_fri,Friday,6,10,30,34,41,7,10,121,6,41,35,1,4,2,3,0,2,0,1,1,1,17,1
802,2024-11-26,2of12_tue_fri,Tuesday,20,21,28,32,37,1,5,138,20,37,17,2,3,2,3,1,0,1,2,2,0,6,2
803,2024-11-29,2of12_tue_fri,Friday,10,19,24,25,40,5,9,118,10,40,30,2,3,4,1,1,1,1,2,1,0,14,2
804,2024-12-03,2of12_tue_fri,Tuesday,7,20,23,24,37,4,10,111,7,37,30,3,2,4,1,1,1,1,2,1,0,14,0
805,2024-12-06,2of12_tue_fri,Friday,8,14,45,47,50,2,12,164,8,50,42,2,3,2,3,0,1,1,0,0,3,14,0
806,2024-12-10,2of12_tue_fri,Tuesday,17,23,30,41,43,4,11,154,17,43,26,4,1,2,3,0,0,1,2,0,2,15,1
807,2024-12-13,2of12_tue_fri,Friday,1,4,19,35,42,1,3,101,1,42,41,3,2,3,2,0,2,1,0,1,1,4,2
808,2024-12-17,2of12_tue_fri,Tuesday,11,14,18,35,42,4,11,120,11,42,31,2,3,3,2,0,0,3,0,1,1,15,1
809,2024-12-20,2of12_tue_fri,Friday,1,3,10,32,44,1,8,90,1,44,43,2,3,3,2,0,3,0,0,1,1,9,1
810,2024-12-24,2of12_tue_fri,Tuesday,9,15,28,36,39,6,7,127,9,39,30,3,2,2,3,0,1,1,1,2,0,13,1
811,2024-12-27,2of12_tue_fri,Friday,1,9,25,27,37,6,8,99,1,37,36,5,0,3,2,0,2,0,2,1,0,14,0
812,2024-12-31,2of12_tue_fri,Tuesday,2,21,26,34,49,7,12,132,2,49,47,2,3,2,3,0,1,0,2,1,1,19,1
813,2025-01-03,2of12_tue_fri,Friday,1,20,21,27,29,8,10,98,1,29,28,4,1,3,2,1,1,1,3,0,0,18,0
814,2025-01-07,2of12_tue_fri,Tuesday,1,16,20,23,44,5,9,104,1,44,43,2,3,4,1,0,1,2,1,0,1,14,2
815,2025-01-10,2of12_tue_fri,Friday,17,34,38,42,48,2,11,179,17,48,31,1,4,1,4,0,0,1,0,2,2,13,1
816,2025-01-14,2of12_tue_fri,Tuesday,10,11,17,20,30,2,6,88,10,30,20,2,3,4,1,1,1,3,1,0,0,8,0
817,2025-01-17,2of12_tue_fri,Friday,7,9,14,18,31,7,8,79,7,31,24,3,2,4,1,0,2,2,0,1,0,15,1
818,2025-01-21,2of12_tue_fri,Tuesday,3,17,22,28,40,4,9,110,3,40,37,2,3,3,2,0,1,1,2,1,0,13,1
819,2025-01-24,2of12_tue_fri,Friday,2,9,16,46,47,3,9,120,2,47,45,2,3,3,2,1,2,1,0,0,2,12,2
820,2025-01-28,2of12_tue_fri,Tuesday,2,7,28,43,46,5,12,126,2,46,44,2,3,2,3,0,2,0,1,0,2,17,1
821,2025-01-31,2of12_tue_fri,Friday,1,23,32,42,47,4,11,145,1,47,46,3,2,2,3,0,1,0,1,1,2,15,1
822,2025-02-04,2of12_tue_fri,Tuesday,10,18,21,41,42,3,9,132,10,42,32,2,3,3,2,1,1,1,1,0,2,12,2
823,2025-02-07,2of12_tue_fri,Friday,15,17,27,33,45,5,9,137,15,45,30,5,0,2,3,0,0,2,1,1,1,14,2
824,2025-02-11,2of12_tue_fri,Tuesday,3,12,22,28,47,1,12,112,3,47,44,2,3,3,2,0,1,1,2,0,1,13,1
825,2025-02-14,2of12_tue_fri,Friday,12,14,18,45,50,2,10,139,12,50,38,1,4,3,2,0,0,3,0,0,2,12,0
826,2025-02-18,2of12_tue_fri,Tuesday,1,9,14,19,44,2,3,87,1,44,43,3,2,4,1,0,2,2,0,0,1,5,1
827,2025-02-21,2of12_tue_fri,Friday,18,26,29,35,36,11,12,144,18,36,18,2,3,1,4,1,0,1,2,2,0,23,1
828,2025-02-25,2of12_tue_fri,Tuesday,28,31,38,42,48,3,10,187,28,48,20,1,4,0,5,0,0,0,1,2,2,13,1
829,2025-02-28,2of12_tue_fri,Friday,3,4,13,20,21,8,12,61,3,21,18,3,2,5,0,2,2,2,1,0,0,20,0
830,2025-03-04,2of12_tue_fri,Tuesday,4,12,35,37,48,4,10,136,4,48,44,2,3,2,3,0,1,1,0,2,1,14,0
831,2025-03-07,2of12_tue_fri,Friday,7,11,12,32,42,1,4,104,7,42,35,2,3,3,2,1,1,2,0,1,1,5,1
832,2025-03-11,2of12_tue_fri,Tuesday,15,18,22,23,44,1,11,122,15,44,29,2,3,4,1,1,0,2,2,0,1,12,2
833,2025-03-14,2of12_tue_fri,Friday,6,13,28,37,45,5,10,129,6,45,39,3,2,2,3,0,1,1,1,1,1,15,1
834,2025-03-18,2of12_tue_fri,Tuesday,1,7,14,47,50,3,7,119,1,50,49,3,2,3,2,0,2,1,0,0,2,10,2
835,2025-03-21,2of12_tue_fri,Friday,8,9,12,14,16,6,12,59,8,16,8,1,4,5,0,1,2,3,0,0,0,18,0
836,2025-03-25,2of12_tue_fri,Tuesday,3,11,30,35,50,4,5,129,3,50,47,3,2,2,3,0,1,1,1,1,1,9,1
837,2025-03-28,2of12_tue_fri,Friday,2,15,19,34,49,2,6,119,2,49,47,3,2,3,2,0,1,2,0,1,1,8,0
838,2025-04-01,2of12_tue_fri,Tuesday,12,17,39,41,50,9,12,159,12,50,38,3,2,2,3,0,0,2,0,1,2,21,1
839,2025-04-04,2of12_tue_fri,Friday,19,23,29,37,38,2,8,146,19,38,19,4,1,2,3,1,0,1,2,2,0,10,0
840,2025-04-08,2of12_tue_fri,Tuesday,17,39,40,41,47,5,8,184,17,47,30,4,1,1,4,2,0,1,0,2,2,13,1
841,2025-04-11,2of12_tue_fri,Friday,2,26,27,28,49,1,10,132,2,49,47,2,3,1,4,2,1,0,3,0,1,11,1
842,2025-04-15,2of12_tue_fri,Tuesday,8,11,13,33,35,1,10,100,8,35,27,4,1,3,2,0,1,2,0,2,0,11,1
843,2025-04-18,2of12_tue_fri,Friday,7,8,12,29,44,3,12,100,7,44,37,2,3,3,2,1,2,1,1,0,1,15,1
844,2025-04-22,2of12_tue_fri,Tuesday,10,16,23,29,38,3,5,116,10,38,28,2,3,3,2,0,1,1,2,1,0,8,2
845,2025-04-25,2of12_tue_fri,Friday,13,14,40,43,45,5,8,155,13,45,32,3,2,2,3,1,0,2,0,1,2,13,1
846,2025-04-29,2of12_tue_fri,Tuesday,17,21,27,30,34,8,11,129,17,34,17,3,2,2,3,0,0,1,3,1,0,19,1
847,2025-05-02,2of12_tue_fri,Friday,3,15,22,33,35,1,7,108,3,35,32,4,1,3,2,0,1,1,1,2,0,8,2
848,2025-05-06,2of12_tue_fri,Tuesday,1,21,22,46,49,9,10,139,1,49,48,3,2,3,2,1,1,0,2,0,2,19,1
849,2025-05-09,2of12_tue_fri,Friday,1,5,27,36,43,5,9,112,1,43,42,4,1,2,3,0,2,0,1,1,1,14,2
850,2025-05-13,2of12_tue_fri,Tuesday,14,16,19,33,34,5,12,116,14,34,20,2,3,3,2,1,0,3,0,2,0,17,1
851,2025-05-16,2of12_tue_fri,Friday,6,8,15,27,39,6,12,95,6,39,33,3,2,3,2,0,2,1,1,1,0,18,0
852,2025-05-20,2of12_tue_fri,Tuesday,8,19,20,21,28,7,10,96,8,28,20,2,3,4,1,2,1,2,2,0,0,17,1
853,2025-05-23,2of12_tue_fri,Friday,11,17,19,33,40,7,12,120,11,40,29,4,1,3,2,0,0,3,0,2,0,19,1
854,2025-05-27,2of12_tue_fri,Tuesday,6,9,17,25,41,4,10,98,6,41,35,4,1,4,1,0,2,1,1,0,1,14,0
855,2025-05-30,2of12_tue_fri,Friday,4,5,26,29,43,5,9,107,4,43,39,3,2,2,3,1,2,0,2,0,1,14,2
856,2025-06-03,2of12_tue_fri,Tuesday,6,8,19,26,30,1,12,89,6,30,24,1,4,3,2,0,2,1,2,0,0,13,1
857,2025-06-06,2of12_tue_fri,Friday,7,8,11,23,39,5,11,88,7,39,32,4,1,4,1,1,2,1,1,1,0,16,2
858,2025-06-10,2of12_tue_fri,Tuesday,1,17,20,28,42,2,12,108,1,42,41,2,3,3,2,0,1,2,1,0,1,14,0
859,2025-06-13,2of12_tue_fri,Friday,1,15,18,27,46,5,9,107,1,46,45,3,2,3,2,0,1,2,1,0,1,14,2
860,2025-06-17,2of12_tue_fri,Tuesday,10,13,15,33,35,7,12,106,10,35,25,4,1,3,2,0,1,2,0,2,0,19,1
861,2025-06-20,2of12_tue_fri,Friday,6,12,18,37,46,7,9,119,6,46,40,1,4,3,2,0,1,2,0,1,1,16,2
862,2025-06-24,2of12_tue_fri,Tuesday,20,31,35,40,44,3,4,170,20,44,24,2,3,1,4,0,0,1,0,3,1,7,1
863,2025-06-27,2of12_tue_fri,Friday,4,14,26,29,50,3,12,123,4,50,46,1,4,2,3,0,1,1,2,0,1,15,1
864,2025-07-01,2of12_tue_fri,Tuesday,1,9,10,12,14,6,8,46,1,14,13,2,3,5,0,1,3,2,0,0,0,14,0
865,2025-07-04,2of12_tue_fri,Friday,14,23,34,41,44,5,10,156,14,44,30,2,3,2,3,0,0,1,1,1,2,15,1
866,2025-07-08,2of12_tue_fri,Tuesday,21,27,29,34,43,6,10,154,21,43,22,4,1,1,4,0,0,0,3,1,1,16,0
867,2025-07-11,2of12_tue_fri,Friday,6,12,13,43,46,6,11,120,6,46,40,2,3,3,2,1,1,2,0,0,2,17,1
868,2025-07-15,2of12_tue_fri,Tuesday,13,28,33,37,45,6,11,156,13,45,32,4,1,1,4,0,0,1,1,2,1,17,1
869,2025-07-18,2of12_tue_fri,Friday,10,12,21,25,39,2,4,107,10,39,29,3,2,4,1,0,1,1,2,1,0,6,0
870,2025-07-22,2of12_tue_fri,Tuesday,5,20,42,46,48,7,8,161,5,48,43,1,4,2,3,0,1,1,0,0,3,15,1
871,2025-07-25,2of12_tue_fri,Friday,7,8,13,29,36,4,8,93,7,36,29,3,2,3,2,1,2,1,1,1,0,12,0
872,2025-07-29,2of12_tue_fri,Tuesday,20,21,38,43,49,6,11,171,20,49,29,3,2,2,3,1,0,1,1,1,2,17,1
873,2025-08-01,2of12_tue_fri,Friday,4,11,12,20,33,3,5,80,4,33,29,2,3,4,1,1,1,3,0,1,0,8,2
874,2025-08-05,2of12_tue_fri,Tuesday,1,18,21,22,34,1,6,96,1,34,33,2,3,4,1,1,1,1,2,1,0,7,1
875,2025-08-08,2of12_tue_fri,Friday,7,16,23,41,42,1,4,129,7,42,35,3,2,3,2,1,1,1,1,0,2,5,1
876,2025-08-12,2of12_tue_fri,Tuesday,11,16,29,37,42,1,11,135,11,42,31,3,2,2,3,0,0,2,1,1,1,12,2
877,2025-08-15,2of12_tue_fri,Friday,5,11,20,33,43,6,12,112,5,43,38,4,1,3,2,0,1,2,0,1,1,18,0
878,2025-08-19,2of12_tue_fri,Tuesday,3,4,11,33,47,6,9,98,3,47,44,4,1,3,2,1,2,1,0,1,1,15,1
879,2025-08-22,2of12_tue_fri,Friday,3,14,16,22,34,7,10,89,3,34,31,1,4,4,1,0,1,2,1,1,0,17,1
880,2025-08-26,2of12_tue_fri,Tuesday,8,14,21,26,35,4,8,104,8,35,27,2,3,3,2,0,1,1,2,1,0,12,0
881,2025-08-29,2of12_tue_fri,Friday,3,5,19,23,48,1,5,98,3,48,45,4,1,4,1,0,2,1,1,0,1,6,2
882,2025-09-02,2of12_tue_fri,Tuesday,1,5,12,38,47,7,8,103,1,47,46,3,2,3,2,0,2,1,0,1,1,15,1
883,2025-09-05,2of12_tue_fri,Friday,6,14,25,29,46,7,11,120,6,46,40,2,3,3,2,0,1,1,2,0,1,18,2
884,2025-09-09,2of12_tue_fri,Tuesday,14,18,24,27,50,8,9,133,14,50,36,1,4,3,2,0,0,2,2,0,1,17,1
885,2025-09-12,2of12_tue_fri,Friday,7,22,24,33,45,4,12,131,7,45,38,3,2,3,2,0,1,0,2,1,1,16,0
886,2025-09-16,2of12_tue_fri,Tuesday,8,9,14,37,39,1,9,107,8,39,31,3,2,3,2,1,2,1,0,2,0,10,2
887,2025-09-19,2of12_tue_fri,Friday,9,37,40,41,46,1,12,173,9,46,37,3,2,1,4,1,1,0,0,2,2,13,1
888,2025-09-23,2of12_tue_fri,Tuesday,7,18,31,32,33,10,11,121,7,33,26,3,2,2,3,2,1,1,0,3,0,21,1
889,2025-09-26,2of12_tue_fri,Friday,12,24,26,35,48,1,2,145,12,48,36,1,4,2,3,0,0,1,2,1,1,3,1
890,2025-09-30,2of12_tue_fri,Tuesday,8,11,13,24,27,3,7,83,8,27,19,3,2,4,1,0,1,2,2,0,0,10,2
891,2025-10-03,2of12_tue_fri,Friday,1,2,7,21,27,8,12,58,1,27,26,4,1,4,1,1,3,0,2,0,0,20,0
892,2025-10-07,2of12_tue_fri,Tuesday,10,22,38,42,48,2,9,160,10,48,38,0,5,2,3,0,1,0,1,1,2,11,1
893,2025-10-10,2of12_tue_fri,Friday,4,5,24,31,41,3,12,105,4,41,37,3,2,3,2,1,2,0,1,1,1,15,1
894,2025-10-14,2of12_tue_fri,Tuesday,8,12,13,49,50,2,4,132,8,50,42,2,3,3,2,2,1,2,0,0,2,6,0
895,2025-10-17,2of12_tue_fri,Friday,18,21,34,35,46,2,3,154,18,46,28,2,3,2,3,1,0,1,1,2,1,5,1
896,2025-10-21,2of12_tue_fri,Tuesday,6,21,30,40,46,3,4,143,6,46,40,1,4,2,3,0,1,0,2,1,1,7,1
897,2025-10-24,2of12_tue_fri,Friday,12,13,27,42,43,3,4,137,12,43,31,3,2,2,3,2,0,2,1,0,2,7,1
898,2025-10-28,2of12_tue_fri,Tuesday,3,4,22,45,50,9,12,124,3,50,47,2,3,3,2,1,2,0,1,0,2,21,1
899,2025-10-31,2of12_tue_fri,Friday,5,11,40,41,47,1,5,144,5,47,42,4,1,2,3,1,1,1,0,1,2,6,2
900,2025-11-04,2of12_tue_fri,Tuesday,3,21,22,33,39,1,9,118,3,39,36,4,1,3,2,1,1,0,2,2,0,10,2
901,2025-11-07,2of12_tue_fri,Friday,13,19,22,35,40,2,8,129,13,40,27,3,2,3,2,0,0,2,1,2,0,10,0
902,2025-11-11,2of12_tue_fri,Tuesday,8,24,25,41,50,8,9,148,8,50,42,2,3,3,2,1,1,0,2,0,2,17,1
903,2025-11-14,2of12_tue_fri,Friday,3,5,20,30,37,6,12,95,3,37,34,3,2,3,2,0,2,1,1,1,0,18,0
904,2025-11-18,2of12_tue_fri,Tuesday,19,25,27,41,49,3,9,161,19,49,30,5,0,2,3,0,0,1,2,0,2,12,2
905,2025-11-21,2of12_tue_fri,Friday,15,24,30,45,50,5,6,164,15,50,35,2,3,2,3,0,0,1,2,0,2,11,1
906,2025-11-25,2of12_tue_fri,Tuesday,1,23,30,35,46,4,8,135,1,46,45,3,2,2,3,0,1,0,2,1,1,12,0
907,2025-11-28,2of12_tue_fri,Friday,12,16,35,46,50,3,5,159,12,50,38,1,4,2,3,0,0,2,0,1,2,8,2
908,2025-12-02,2of12_tue_fri,Tuesday,14,30,34,35,40,4,6,153,14,40,26,1,4,1,4,1,0,1,1,3,0,10,0
909,2025-12-05,2of12_tue_fri,Friday,1,4,18,22,24,6,10,69,1,24,23,1,4,5,0,0,2,1,2,0,0,16,0
910,2025-12-09,2of12_tue_fri,Tuesday,2,30,32,33,37,2,9,134,2,37,35,2,3,1,4,1,1,0,1,3,0,11,1
911,2025-12-12,2of12_tue_fri,Friday,2,25,27,37,50,2,11,141,2,50,48,3,2,2,3,0,1,0,2,1,1,13,1
912,2025-12-16,2of12_tue_fri,Tuesday,12,22,28,30,31,4,11,123,12,31,19,1,4,2,3,1,0,1,3,1,0,15,1
913,2025-12-19,2of12_tue_fri,Friday,8,9,15,35,45,2,5,112,8,45,37,4,1,3,2,1,2,1,0,1,1,7,1
914,2025-12-23,2of12_tue_fri,Tuesday,24,29,35,40,41,6,7,169,24,41,17,3,2,1,4,1,0,0,2,2,1,13,1
915,2025-12-26,2of12_tue_fri,Friday,15,21,26,29,42,4,12,133,15,42,27,3,2,2,3,0,0,1,3,0,1,16,0
916,2025-12-30,2of12_tue_fri,Tuesday,10,18,20,23,27,1,6,98,10,27,17,2,3,4,1,0,1,2,2,0,0,7,1
917,2026-01-02,2of12_tue_fri,Friday,10,15,29,34,38,2,9,126,10,38,28,2,3,2,3,0,1,1,1,2,0,11,1
918,2026-01-06,2of12_tue_fri,Tuesday,21,23,30,33,38,8,12,145,21,38,17,3,2,2,3,0,0,0,3,2,0,20,0
919,2026-01-09,2of12_tue_fri,Friday,1,17,19,25,41,6,12,103,1,41,40,5,0,4,1,0,1,2,1,0,1,18,0
920,2026-01-13,2of12_tue_fri,Tuesday,2,16,27,33,47,6,12,125,2,47,45,3,2,2,3,0,1,1,1,1,1,18,0
921,2026-01-16,2of12_tue_fri,Friday,8,16,37,39,48,5,11,148,8,48,40,2,3,2,3,0,1,1,0,2,1,16,2
922,2026-01-20,2of12_tue_fri,Tuesday,16,26,32,37,45,2,3,156,16,45,29,2,3,1,4,0,0,1,1,2,1,5,1
923,2026-01-23,2of12_tue_fri,Friday,18,36,39,45,50,6,9,188,18,50,32,2,3,1,4,0,0,1,0,2,2,15,1
924,2026-01-27,2of12_tue_fri,Tuesday,13,18,19,29,32,8,9,111,13,32,19,3,2,3,2,1,0,3,1,1,0,17,1
925,2026-01-30,2of12_tue_fri,Friday,8,13,15,17,37,3,7,90,8,37,29,4,1,4,1,0,1,3,0,1,0,10,2
926,2026-02-03,2of12_tue_fri,Tuesday,3,20,27,37,44,1,2,131,3,44,41,3,2,2,3,0,1,1,1,1,1,3,1
927,2026-02-06,2of12_tue_fri,Friday,8,14,38,41,48,1,11,149,8,48,40,1,4,2,3,0,1,1,0,1,2,12,2
928,2026-02-10,2of12_tue_fri,Tuesday,12,19,34,39,47,4,5,151,12,47,35,3,2,2,3,0,0,2,0,2,1,9,1
929,2026-02-13,2of12_tue_fri,Friday,1,21,44,45,46,2,7,157,1,46,45,3,2,2,3,2,1,0,1,0,3,9,1
930,2026-02-17,2of12_tue_fri,Tuesday,8,23,39,40,44,6,7,154,8,44,36,2,3,2,3,1,1,0,1,2,1,13,1
931,2026-02-20,2of12_tue_fri,Friday,11,17,23,36,40,5,6,127,11,40,29,3,2,3,2,0,0,2,1,2,0,11,1
932,2026-02-24,2of12_tue_fri,Tuesday,4,5,26,38,48,2,9,121,4,48,44,1,4,2,3,1,2,0,1,1,1,11,1
933,2026-02-27,2of12_tue_fri,Friday,7,17,19,28,47,2,7,118,7,47,40,4,1,3,2,0,1,2,1,0,1,9,1
934,2026-03-03,2of12_tue_fri,Tuesday,1,9,14,35,49,2,10,108,1,49,48,4,1,3,2,0,2,1,0,1,1,12,0
935,2026-03-06,2of12_tue_fri,Friday,8,17,26,31,47,1,6,129,8,47,39,3,2,2,3,0,1,1,1,1,1,7,1
936,2026-03-10,2of12_tue_fri,Tuesday,2,3,17,18,28,4,10,68,2,28,26,2,3,4,1,2,2,2,1,0,0,14,0
937,2026-03-13,2of12_tue_fri,Friday,7,23,37,44,47,2,6,158,7,47,40,4,1,2,3,0,1,0,1,1,2,8,0
938,2026-03-17,2of12_tue_fri,Tuesday,12,13,16,17,37,4,11,95,12,37,25,3,2,4,1,2,0,4,0,1,0,15,1
939,2026-03-20,2of12_tue_fri,Friday,2,17,21,25,30,2,6,95,2,30,28,3,2,4,1,0,1,1,3,0,0,8,0
940,2026-03-24,2of12_tue_fri,Tuesday,9,15,23,43,48,3,5,138,9,48,39,4,1,3,2,0,1,1,1,0,2,8,2
941,2026-03-27,2of12_tue_fri,Friday,21,23,25,38,40,7,11,147,21,40,19,3,2,3,2,0,0,0,3,2,0,18,2
942,2026-03-31,2of12_tue_fri,Tuesday,5,15,18,20,35,7,8,93,5,35,30,3,2,4,1,0,1,3,0,1,0,15,1
943,2026-04-03,2of12_tue_fri,Friday,9,10,18,22,37,1,11,96,9,37,28,2,3,4,1,1,2,1,1,1,0,12,2
944,2026-04-07,2of12_tue_fri,Tuesday,2,4,16,23,27,5,8,72,2,27,25,2,3,4,1,0,2,1,2,0,0,13,1
945,2026-04-10,2of12_tue_fri,Friday,1,6,11,18,48,10,12,84,1,48,47,2,3,4,1,0,2,2,0,0,1,22,0
946,2026-04-14,2of12_tue_fri,Tuesday,13,22,32,46,47,6,7,160,13,47,34,2,3,2,3,1,0,1,1,1,2,13,1
947,2026-04-17,2of12_tue_fri,Friday,16,31,35,43,44,2,9,169,16,44,28,3,2,1,4,1,0,1,0,2,2,11,1
948,2026-04-21,2of12_tue_fri,Tuesday,31,32,36,39,47,7,8,185,31,47,16,3,2,0,5,1,0,0,0,4,1,15,1
949,2026-04-24,2of12_tue_fri,Friday,6,21,29,39,44,1,5,139,6,44,38,3,2,2,3,0,1,0,2,1,1,6,2
950,2026-04-28,2of12_tue_fri,Tuesday,19,20,41,43,46,5,7,169,19,46,27,3,2,2,3,1,0,2,0,0,3,12,2
951,2026-05-01,2of12_tue_fri,Friday,10,11,13,16,27,5,7,77,10,27,17,3,2,4,1,1,1,3,1,0,0,12,2
952,2026-05-05,2of12_tue_fri,Tuesday,1,30,33,34,43,5,10,141,1,43,42,3,2,1,4,1,1,0,1,2,1,15,1
953,2026-05-08,2of12_tue_fri,Friday,3,17,18,31,41,6,12,110,3,41,38,4,1,3,2,1,1,2,0,1,1,18,0
954,2026-05-12,2of12_tue_fri,Tuesday,7,15,19,28,35,3,11,104,7,35,28,4,1,3,2,0,1,2,1,1,0,14,2
955,2026-05-15,2of12_tue_fri,Friday,1,32,33,36,37,7,12,139,1,37,36,3,2,1,4,2,1,0,0,4,0,19,1
956,2026-05-19,2of12_tue_fri,Tuesday,10,36,37,39,47,5,6,169,10,47,37,3,2,1,4,1,1,0,0,3,1,11,1
957,2026-05-22,2of12_tue_fri,Friday,5,34,35,42,46,3,5,162,5,46,41,2,3,1,4,1,1,0,0,2,2,8,2
958,2026-05-26,2of12_tue_fri,Tuesday,5,11,23,33,42,10,12,114,5,42,37,4,1,3,2,0,1,1,1,1,1,22,0
959,2026-05-29,2of12_tue_fri,Friday,3,20,21,42,49,5,6,135,3,49,46,3,2,3,2,1,1,1,1,0,2,11,1
960,2026-06-02,2of12_tue_fri,Tuesday,2,36,38,40,46,7,8,162,2,46,44,0,5,1,4,0,1,0,0,3,1,15,1
961,2026-06-05,2of12_tue_fri,Friday,21,23,44,47,50,1,7,185,21,50,29,3,2,2,3,0,0,0,2,0,3,8,2
962,2026-06-09,2of12_tue_fri,Tuesday,1,14,22,39,48,8,11,124,1,48,47,2,3,3,2,0,1,1,1,1,1,19,1
963,2026-06-12,2of12_tue_fri,Friday,2,4,14,18,28,9,11,66,2,28,26,0,5,4,1,0,2,2,1,0,0,20,2
964,2026-06-16,2of12_tue_fri,Tuesday,9,26,29,37,42,1,7,143,9,42,33,3,2,1,4,0,1,0,2,1,1,8,2
965,2026-06-19,2of12_tue_fri,Friday,16,27,37,42,45,5,12,167,16,45,29,3,2,1,4,0,0,1,1,1,2,17,1
966,2026-06-23,2of12_tue_fri,Tuesday,24,27,43,48,50,4,12,192,24,50,26,2,3,1,4,0,0,0,2,0,3,16,0
967,2026-06-26,2of12_tue_fri,Friday,17,25,35,39,41,5,9,157,17,41,24,5,0,2,3,0,0,1,1,2,1,14,2
968,2026-06-30,2of12_tue_fri,Tuesday,12,19,34,44,50,3,8,159,12,50,38,1,4,2,3,0,0,2,0,1,2,11,1
969,2026-07-03,2of12_tue_fri,Friday,4,9,20,25,28,1,3,86,4,28,24,2,3,4,1,0,2,1,2,0,0,4,2
970,2026-07-07,2of12_tue_fri,Tuesday,6,16,24,41,46,2,3,133,6,46,40,1,4,3,2,0,1,1,1,0,2,5,1
971,2026-07-10,2of12_tue_fri,Friday,13,25,28,42,45,5,12,153,13,45,32,3,2,2,3,0,0,1,2,0,2,17,1
972,2026-07-14,2of12_tue_fri,Tuesday,5,6,17,34,36,3,11,98,5,36,31,2,3,3,2,1,2,1,0,2,0,14,2
973,2026-07-17,2of12_tue_fri,Friday,6,21,31,47,48,2,9,153,6,48,42,3,2,2,3,1,1,0,1,1,2,11,1
974,2026-07-21,2of12_tue_fri,Tuesday,4,8,10,17,37,5,7,76,4,37,33,2,3,4,1,0,3,1,0,1,0,12,2
975,2026-07-24,2of12_tue_fri,Friday,4,6,8,17,22,7,10,57,4,22,18,1,4,5,0,0,3,1,1,0,0,17,1
976,2026-07-28,2of12_tue_fri,Tuesday,11,25,40,41,45,1,5,162,11,45,34,4,1,2,3,1,0,1,1,1,2,6,2
977,2026-07-31,2of12_tue_fri,Friday,4,10,20,40,41,4,6,115,4,41,37,1,4,3,2,1,2,1,0,1,1,10,0
978,2026-08-04,2of12_tue_fri,Tuesday,3,17,30,35,43,1,12,128,3,43,40,4,1,2,3,0,1,1,1,1,1,13,1
979,2026-08-07,2of12_tue_fri,Friday,1,3,6,13,23,5,7,46,1,23,22,4,1,5,0,0,3,1,1,0,0,12,2
980,2026-08-11,2of12_tue_fri,Tuesday,4,11,12,16,30,8,9,73,4,30,26,1,4,4,1,1,1,3,1,0,0,17,1
981,2026-08-14,2of12_tue_fri,Friday,5,26,28,30,40,3,6,129,5,40,35,1,4,1,4,0,1,0,3,1,0,9,1
982,2026-08-18,2of12_tue_fri,Tuesday,15,22,24,34,42,4,7,137,15,42,27,1,4,3,2,0,0,1,2,1,1,11,1
983,2026-08-21,2of12_tue_fri,Friday,25,35,45,46,50,4,8,201,25,50,25,3,2,1,4,1,0,0,1,1,3,12,0
984,2026-08-25,2of12_tue_fri,Tuesday,4,5,7,48,50,4,5,114,4,50,46,2,3,3,2,1,3,0,0,0,2,9,1
985,2026-08-28,2of12_tue_fri,Friday,23,34,39,45,49,1,4,190,23,49,26,4,1,1,4,0,0,0,1,2,2,5,1
986,2026-09-01,2of12_tue_fri,Tuesday,9,14,35,43,50,3,7,151,9,50,41,3,2,2,3,0,1,1,0,1,2,10,2
987,2026-09-04,2of12_tue_fri,Friday,5,14,31,33,43,3,4,126,5,43,38,4,1,2,3,0,1,1,0,2,1,7,1
988,2026-09-08,2of12_tue_fri,Tuesday,14,27,34,36,47,3,4,158,14,47,33,2,3,1,4,0,0,1,1,2,1,7,1
989,2026-09-11,2of12_tue_fri,Friday,14,21,35,37,49,1,12,156,14,49,35,4,1,2,3,0,0,1,1,2,1,13,1
990,2026-09-15,2of12_tue_fri,Tuesday,5,6,10,27,42,1,8,90,5,42,37,2,3,3,2,1,3,0,1,0,1,9,1
